,true_label,predicted_label
16811,0,0
22758,1,0
18802,1,0
3264,0,0
4937,0,0
22420,0,0
24347,0,0
18941,0,0
6860,0,0
22603,0,0
13223,0,0
22175,0,0
23888,0,0
8912,0,0
4081,1,0
21798,1,1
14188,0,0
4692,0,0
949,1,0
17992,0,0
1515,0,0
13217,0,0
17647,1,0
9345,1,0
8955,0,0
16350,1,1
23754,0,0
1138,1,1
13520,0,0
8980,0,0
9347,1,0
15712,0,0
882,0,0
8072,0,0
2294,0,0
12723,1,0
22619,0,0
23849,0,0
10476,1,1
22485,0,0
17519,0,0
21777,1,0
17832,0,0
4492,0,0
12288,0,0
16063,0,0
14314,1,1
11577,0,0
4153,0,0
11774,0,0
1110,1,0
15790,0,0
20959,0,0
17279,0,0
21753,0,0
22241,0,0
23420,0,0
2570,0,0
21927,1,1
23068,0,0
24869,0,0
8179,0,0
9790,1,0
17985,0,0
21880,0,0
7490,0,0
15553,1,0
6955,0,0
23094,1,1
23813,1,0
13838,0,0
21409,1,0
866,0,0
3026,0,0
18884,0,0
10793,0,0
9526,0,0
12122,0,0
21413,0,0
22258,0,0
20375,0,0
11476,0,0
5742,0,0
14274,0,0
21948,1,0
19615,0,0
7174,0,0
21168,0,0
4111,0,0
19215,0,0
45,0,0
19041,0,0
12110,0,0
19281,0,0
24578,1,0
19721,0,0
21752,0,0
387,0,0
15131,1,1
16299,0,0
19892,1,0
7839,0,0
5520,0,0
20834,0,1
9693,0,0
24563,1,0
23108,1,0
20804,0,0
10641,0,0
9821,1,1
8423,0,0
1493,0,0
24196,1,0
19117,0,0
5638,0,0
7205,0,0
15218,1,1
13443,0,0
5961,1,0
5732,0,0
24158,1,0
19494,0,0
11484,0,0
14103,0,0
17709,1,0
16286,0,0
12689,1,0
17511,0,0
24188,0,0
2212,1,0
8506,0,0
5911,0,0
6799,0,0
18708,1,0
18201,0,0
7267,0,0
17408,0,0
9454,1,0
18042,0,0
5331,0,0
24379,1,0
17525,0,0
22639,0,0
17554,0,0
14262,0,0
4277,0,0
17517,0,0
303,1,0
8865,1,1
3556,1,0
20464,0,0
11874,0,0
12404,0,0
13595,0,0
6431,0,0
5757,0,0
20564,1,0
23305,0,0
2188,0,0
6325,0,0
24396,0,0
7576,0,0
12745,0,1
5756,1,0
12282,1,0
18427,0,0
9989,1,0
2976,0,0
21010,0,0
16660,0,0
24828,0,0
14085,1,0
11481,0,0
6771,0,0
1829,0,0
24644,1,0
1671,0,0
20019,1,1
15408,0,0
11333,0,0
7823,0,0
15421,0,0
1235,1,0
14097,0,0
6751,0,0
4368,0,0
3723,0,0
11747,1,1
21338,1,0
14824,0,0
9638,1,0
19487,0,0
2765,1,1
14247,0,0
3537,0,0
17436,0,0
18629,0,0
20122,0,0
23690,0,0
19207,1,0
22365,0,0
486,0,0
13891,0,0
10045,0,0
20499,1,0
10199,0,0
6843,0,0
20643,0,0
12431,0,0
19784,1,1
1417,0,0
1021,0,0
13076,0,0
23354,1,0
20691,0,0
23023,0,0
3823,1,0
14133,0,0
24613,1,0
13783,0,0
15369,0,0
7781,0,0
14482,1,1
18608,0,0
21788,1,0
24691,0,0
12742,0,0
9885,0,0
11224,0,0
20652,1,1
15503,0,1
22221,0,0
19332,1,0
14581,0,0
5813,0,0
4283,0,0
22515,0,0
5988,0,0
3615,1,0
6118,0,0
3815,0,0
14134,0,0
15424,1,0
23724,0,0
370,1,0
23327,0,0
9981,0,0
3174,0,0
23036,0,0
20393,0,0
19068,0,0
2509,0,0
23853,0,0
525,0,0
12832,0,0
673,1,0
13008,0,0
18306,1,1
3063,0,0
18331,0,0
17345,0,0
10976,1,0
4989,0,0
8036,0,0
6210,0,0
7967,0,0
14921,0,0
11255,1,1
8230,1,0
6122,0,0
22103,0,0
24843,0,0
15732,0,0
18656,0,0
24608,0,0
18530,1,0
1392,1,1
4303,1,0
17407,0,0
11058,0,1
3024,0,0
13226,0,0
6318,0,0
12471,0,0
14986,0,0
2695,1,0
8288,0,0
3207,0,0
6152,0,0
16622,0,0
15112,0,0
24460,0,0
10917,0,0
17246,0,0
13939,0,0
13540,0,0
24500,0,0
10837,0,0
7933,0,0
8535,0,0
13316,0,0
21554,0,0
6931,1,0
6195,0,0
1737,0,0
6857,1,0
9450,0,0
20267,0,0
1343,1,0
7962,0,0
22597,0,0
14658,0,0
12537,0,0
9573,1,0
3171,0,0
24545,0,0
24610,1,0
17713,0,0
150,0,0
7175,0,0
1014,0,0
15653,1,0
21727,0,0
7543,0,0
19092,1,0
20938,0,0
297,1,0
23528,0,0
2924,0,0
12679,0,0
16976,0,0
1201,0,0
12719,0,0
16784,0,0
15009,0,0
19975,0,0
6599,0,0
20695,0,0
14553,0,0
17609,0,0
3893,0,0
4694,1,0
15625,0,0
3931,0,0
15340,1,0
3877,0,0
10864,0,0
23302,0,0
4649,1,0
19357,0,0
13996,0,0
2826,0,0
11115,1,1
15487,0,0
6821,0,0
17785,0,0
2054,0,0
21520,1,0
2470,0,0
18974,1,0
8894,0,0
22154,1,1
18986,0,0
11100,0,0
17497,0,0
483,1,0
2929,0,0
3229,0,0
3274,0,0
2466,0,0
16190,1,0
21567,1,0
2865,0,0
5575,0,0
1634,0,0
17069,1,0
15564,1,0
14653,0,0
2901,0,0
13422,0,0
12875,0,0
23423,0,0
1971,0,0
13403,0,0
15836,1,0
21033,0,0
21165,0,0
10658,0,0
6687,0,0
1964,0,0
17619,0,0
23861,0,0
1076,0,0
15232,0,0
23459,0,0
8831,0,0
4597,0,0
6447,1,1
8660,1,0
12848,0,0
6116,1,1
9426,0,0
24680,0,0
19560,1,0
1516,1,0
22210,0,0
4557,0,0
8348,0,0
13381,1,1
24835,0,0
5532,0,0
20772,0,0
19524,1,0
16368,0,0
17650,1,0
15802,0,0
1507,0,0
8414,0,0
2044,0,0
1142,1,1
2134,0,0
12309,0,0
7845,0,0
18182,1,1
21918,0,0
22167,0,0
21897,0,0
7941,0,0
15744,0,0
13265,0,0
1316,0,0
16484,0,0
4351,0,0
2840,0,0
24038,0,0
24542,0,0
17158,1,0
14118,0,0
21470,0,0
1312,0,0
1968,0,0
21303,1,1
9976,0,0
17385,0,0
20945,0,0
12153,0,0
16474,0,0
221,0,0
20052,0,0
15908,1,1
16444,0,0
15384,0,0
19105,1,0
11034,1,0
1640,0,0
23710,0,0
6716,0,0
7028,1,1
24426,0,0
2918,0,0
2197,0,0
3273,1,0
9973,1,0
10485,1,0
5257,0,0
780,0,0
3645,1,0
12009,0,0
12476,0,0
15875,1,0
21328,0,0
23692,0,0
9553,1,1
11000,1,0
23770,0,0
21397,0,0
20109,1,0
19911,0,0
15590,0,0
3625,1,0
8787,0,0
6744,0,0
1653,1,0
9848,0,0
10096,0,0
1683,0,0
17387,0,0
3771,0,0
15819,0,0
6272,0,0
9666,1,1
17186,0,0
11853,0,0
23170,0,0
14891,1,0
11325,0,0
3590,0,0
18687,1,0
283,0,0
3717,0,0
24404,0,0
9172,1,1
9316,0,0
14227,1,0
12656,0,0
8929,0,0
11016,1,0
2067,0,0
22732,0,0
14209,1,1
20882,0,0
3454,0,0
18080,0,0
24959,0,0
24520,0,0
2812,0,0
22507,0,0
1536,1,1
4232,0,0
12618,0,0
11221,0,0
8784,0,0
2709,0,0
24535,0,0
5223,1,0
19893,1,1
23224,1,0
9261,1,0
13767,0,0
21016,1,0
279,0,0
16042,1,0
22855,0,0
3485,0,0
3385,0,0
15856,0,0
5493,0,0
19158,0,0
12763,0,0
7972,0,0
14366,1,1
4367,0,0
11879,0,0
23193,1,1
14107,0,0
7896,1,0
21510,1,0
21368,1,1
21375,0,1
5276,0,0
18961,0,0
24618,0,0
15409,0,0
16435,0,0
878,0,0
5311,0,0
17741,0,0
22272,0,0
23174,1,0
12965,1,1
1020,0,0
3855,0,0
2866,0,0
10887,1,0
10668,1,0
3007,0,0
22334,0,0
19793,0,0
7824,0,0
11510,0,0
11582,0,0
14143,0,0
2465,0,0
16206,0,0
3450,0,0
4570,0,0
5820,1,0
19939,0,0
6707,0,0
19722,1,0
9034,1,0
23672,0,0
8870,0,0
17250,0,0
20257,0,0
9255,0,0
13071,0,0
5455,0,0
18464,0,0
3254,1,0
15996,0,0
18265,1,0
24486,0,0
3875,1,0
23757,1,0
19700,1,0
11632,0,0
524,0,0
5228,0,0
9870,0,0
23893,0,0
21501,0,0
21178,1,0
8371,0,0
4480,1,0
3812,0,0
13348,0,0
19803,0,0
16217,0,0
4844,0,0
13599,0,0
12559,0,0
6189,0,0
23906,0,0
3310,0,0
19446,0,0
17368,0,0
3700,0,0
2701,0,0
12308,1,1
14787,0,0
12621,0,0
4030,0,0
23231,0,0
12173,0,0
8861,1,0
6890,0,0
4980,0,0
8546,0,0
19389,1,0
7217,0,0
24413,0,0
3420,0,0
6650,0,0
14257,0,0
20107,0,0
23512,0,0
3894,1,0
14678,0,0
16757,0,0
4323,0,0
8587,0,0
8790,0,0
12768,0,0
13040,0,0
19606,0,1
4561,0,0
22338,0,0
4523,0,0
17876,1,0
13971,0,0
145,1,0
7529,0,0
16545,1,0
7875,0,0
9508,0,0
10574,0,0
7838,0,0
19194,0,0
15405,1,0
11676,0,0
24076,0,0
17509,1,0
11305,1,1
4231,0,0
6415,0,0
3515,0,0
786,1,0
10601,0,0
3749,1,0
6259,0,0
15779,0,0
9064,1,0
751,0,0
17074,1,0
5545,0,0
12803,0,0
15133,0,0
5830,0,0
10633,0,0
16431,0,0
8238,0,0
16318,0,0
1193,1,0
1711,0,0
16657,0,0
18101,0,0
15540,1,0
18460,1,0
24784,1,0
20462,0,0
7919,0,0
11459,1,1
9046,0,0
13553,0,0
19601,1,0
23073,0,0
10118,0,0
9663,1,0
2614,0,0
16389,0,0
16858,0,0
5857,0,0
24056,0,0
15683,0,0
24042,0,0
898,0,0
2211,0,0
22601,0,0
6924,0,0
17758,0,0
18850,0,0
19760,1,0
11717,1,0
4722,0,0
4908,0,0
4717,0,0
5019,1,0
21876,0,0
20824,0,0
17056,0,0
2340,0,0
1116,0,0
10041,1,0
5076,1,0
13898,0,0
18779,1,0
1987,0,0
13107,0,0
24811,0,0
9473,1,1
5041,0,0
8354,0,0
2541,0,0
5713,0,0
23781,1,0
19057,0,0
5721,0,0
966,0,0
6492,0,0
2040,0,0
20130,0,0
19130,0,0
329,0,0
18589,1,0
16707,0,0
5835,1,0
17610,0,0
12271,0,0
17847,0,0
15494,1,0
2856,0,0
8804,0,0
18075,0,0
21221,1,1
7893,0,0
9877,1,1
12273,0,0
1047,0,0
12635,0,0
3816,1,0
21629,0,0
16146,0,0
48,0,0
6636,0,0
13068,0,0
7951,0,0
17033,0,0
10178,0,0
1893,0,0
13693,0,0
5403,0,0
4881,0,0
14345,0,0
14546,1,1
10054,0,0
17542,1,0
11601,1,0
24868,0,0
17615,1,0
20639,0,0
4341,0,0
23033,0,0
19492,0,0
1430,0,0
3648,1,0
15471,0,0
11597,0,0
7200,0,0
261,0,0
20302,0,0
4531,0,0
14044,1,0
14019,0,1
1910,1,0
19871,0,0
6287,0,0
3551,1,0
19527,0,0
10130,0,0
16870,0,0
17788,0,0
11955,0,0
14473,0,0
22997,0,0
16110,1,0
3016,0,0
13704,0,0
6147,0,0
10123,0,0
3124,0,0
19583,0,0
24383,0,0
22376,0,0
4779,0,0
14488,0,0
23190,1,0
22415,0,0
10126,1,0
15205,0,0
7544,0,0
9708,1,0
6044,0,0
21638,1,0
13278,0,0
12760,0,0
1152,0,0
23269,0,0
22295,0,0
24156,0,0
11049,0,0
9796,0,0
13059,0,0
526,0,0
24576,0,0
12713,0,0
6354,0,0
18640,0,0
891,1,1
4069,0,0
1729,0,0
10648,0,0
15903,0,1
23335,0,0
10092,1,0
15919,0,0
22260,1,0
5619,0,0
3681,1,0
19612,1,0
20340,0,0
16633,0,0
21834,0,0
10882,1,0
3053,0,0
183,1,1
10527,0,0
2561,0,0
10933,1,0
21195,0,0
18266,0,1
7438,0,0
1967,0,0
5182,0,0
21617,1,0
21356,0,0
14144,1,0
6586,0,0
4914,0,0
5958,0,0
3576,0,0
14929,0,0
4112,1,0
12441,0,0
12403,0,0
10899,1,0
12663,0,0
15638,0,0
22821,1,0
22335,0,0
9112,0,0
14033,1,0
3852,1,0
18495,1,1
12508,0,0
13155,0,0
18088,0,0
15963,0,0
12665,0,0
9864,1,1
3393,1,0
17950,1,0
4522,0,0
9252,0,0
19157,0,0
17814,0,0
11834,0,0
13804,0,0
23649,0,0
11514,0,0
7445,1,0
784,1,0
24865,0,0
13167,0,0
19691,1,0
15883,0,0
6266,0,0
13176,0,0
5849,0,0
12165,0,0
18725,0,0
3678,1,0
10901,0,0
16504,0,0
4241,0,0
16676,0,0
22840,1,1
16016,0,0
268,0,0
19794,0,0
5741,0,0
22742,1,1
4130,0,0
13087,0,0
248,1,0
24385,0,0
5418,0,0
6566,0,0
13702,1,1
12944,0,0
5444,1,0
5861,1,0
6609,0,0
3801,0,0
13868,0,0
9031,0,0
20736,0,0
5284,0,0
10212,1,0
5587,0,0
2553,0,0
11736,0,0
9874,0,0
8384,0,0
637,0,0
12203,0,0
17234,0,0
3102,1,0
19938,0,0
18128,0,0
19741,1,0
5136,0,0
9204,0,0
19896,1,0
13042,0,0
11077,0,0
23877,0,0
1477,0,0
4325,0,0
1767,0,0
16376,0,0
18186,1,0
8376,1,0
23594,0,0
1799,0,0
2723,0,0
3792,1,0
6175,0,0
12494,0,0
14321,1,1
20429,0,0
16400,0,0
5088,0,0
1137,1,0
21755,0,0
3458,0,0
15952,1,0
22198,1,0
1993,0,0
14319,0,0
16392,0,0
19945,0,0
22674,1,0
2637,0,0
2184,1,0
18678,0,1
17463,0,0
605,0,0
24124,0,0
12078,0,0
4408,0,0
5324,0,0
13250,0,0
18313,0,0
6680,0,0
18115,0,0
21628,0,0
11021,0,0
17444,0,0
21218,1,0
4487,0,0
10963,0,0
17539,0,0
20727,1,0
20763,0,0
15759,1,0
2808,0,0
13571,1,0
20864,0,0
7429,0,0
16395,0,0
19363,0,0
15166,0,0
21954,0,0
665,1,0
9057,0,0
24778,1,0
6647,0,0
11881,0,0
7153,1,1
8710,1,0
1549,0,1
12999,0,0
2842,0,0
13612,0,0
18247,0,0
14034,1,1
3295,0,0
6934,0,0
573,1,0
17030,0,0
11933,0,0
12821,0,0
1630,0,0
12675,0,0
19012,0,0
7740,0,0
2993,0,0
12648,1,0
17383,0,0
447,1,0
18035,1,0
13410,0,0
11361,1,0
24403,1,0
22311,1,1
15235,0,0
10312,0,0
17431,0,0
18180,1,0
13810,0,0
22060,1,1
8678,0,0
8403,0,0
23566,0,0
10969,0,0
3924,0,0
16142,0,0
11203,0,0
11605,0,0
6085,0,0
18973,1,0
6802,0,0
18635,0,0
9602,0,0
5717,0,0
21443,1,0
8218,0,0
24277,1,0
142,0,0
11581,0,0
12077,0,0
24072,0,0
19523,1,0
4568,0,0
23247,0,0
11970,0,0
17388,0,0
2317,0,0
22203,0,0
1324,0,0
11761,1,0
3560,0,0
4823,0,0
2397,0,0
3738,0,0
22182,1,0
6161,0,0
22625,0,0
2876,1,0
8677,0,0
11916,0,0
4674,0,0
4004,0,0
22659,0,0
20638,0,0
799,0,0
20397,0,0
17017,0,0
14841,0,0
1957,0,0
7513,0,0
5204,0,0
12276,0,0
9005,0,0
1281,0,0
23415,0,0
23486,0,0
16155,0,0
3439,0,0
8190,0,0
6956,0,0
15447,0,0
24859,0,0
24255,0,0
21458,1,0
9689,0,0
10913,0,0
21418,0,0
19235,0,0
443,0,0
14726,0,0
19063,0,0
925,0,0
18646,1,1
20623,0,0
156,0,0
6812,0,0
10763,0,0
9726,0,0
5232,0,0
10749,0,0
21083,0,0
3562,0,0
5838,1,0
5146,0,0
16324,0,0
17433,1,0
16041,0,0
21117,1,0
6825,0,0
9672,0,0
9605,1,1
16686,1,0
15514,0,0
8892,1,0
532,1,0
13094,0,0
7154,0,0
23551,0,0
17768,0,0
16441,0,0
1864,0,0
18808,0,0
16562,0,0
15120,0,0
19701,0,0
9500,0,0
8822,0,0
540,0,0
11053,0,0
13608,0,0
4372,0,0
3547,1,0
16151,1,1
18609,0,0
21847,1,1
23687,0,0
10588,0,0
4198,0,0
7420,0,0
15443,1,0
13923,1,0
13782,0,0
18981,0,0
8220,0,0
16308,0,0
4828,0,0
21446,1,1
11878,0,0
1783,0,0
9378,0,0
12935,0,0
14742,0,0
3057,0,0
15760,1,0
18596,0,0
11007,1,0
7733,0,0
13527,0,0
11641,0,0
13141,0,0
7920,0,0
10139,1,0
9624,1,0
10438,1,1
22143,1,1
18651,1,1
967,0,0
9730,0,0
21988,1,0
15305,0,0
1129,0,0
2627,0,0
4508,0,0
8522,0,0
21584,0,0
12887,0,0
8100,0,0
13997,0,0
9195,0,0
22868,1,0
5497,0,0
10928,0,0
17602,0,0
9803,0,0
10542,0,0
4301,0,0
16900,0,0
18249,0,0
9032,0,0
24108,1,0
22804,0,0
15965,1,1
21373,0,0
3838,1,0
12678,0,0
5814,0,0
20730,1,0
9184,0,0
23629,0,0
14287,0,0
13192,0,0
14315,0,0
23592,1,0
8157,0,0
17776,0,0
16064,0,0
18998,1,0
8636,0,0
8629,0,0
6299,0,0
13901,0,0
14100,0,0
14577,1,1
734,0,0
11194,0,0
812,0,0
4104,0,0
6525,1,0
16541,1,1
18733,0,0
11954,0,0
15257,0,0
13146,0,0
21291,1,0
901,0,0
7763,1,1
4975,0,0
16298,0,0
6187,0,0
23976,0,0
14776,0,0
18625,0,0
10778,0,0
20,0,0
22278,0,0
18751,0,0
2339,0,0
22777,1,1
13053,0,0
10203,0,0
15012,0,0
7832,1,0
21838,1,0
1206,0,0
3519,0,0
17191,0,0
2068,0,0
12844,0,0
12759,0,0
22024,0,0
5623,0,0
10746,0,0
24747,0,0
19309,0,0
9965,0,0
24683,1,0
9490,1,1
7201,0,0
15427,1,0
13813,0,0
17411,0,0
2791,1,1
23894,0,0
20098,0,0
21343,0,1
1265,0,0
20534,1,0
23428,0,0
21239,1,0
3873,0,0
20571,0,0
19325,1,0
7568,0,0
6813,0,0
16768,0,0
17319,0,0
1992,0,0
6141,1,1
3951,1,0
7079,0,0
612,1,0
18434,1,0
11119,0,0
19019,0,0
8312,0,0
11904,1,0
21813,1,0
3791,1,0
5392,0,0
24033,0,0
16751,0,0
4440,0,0
10074,0,0
6521,0,0
18225,0,0
9816,0,0
13665,0,0
14355,0,0
7489,0,0
17858,1,1
10575,1,0
20352,0,0
252,1,0
4956,0,0
4164,0,0
17821,0,0
1763,0,0
9017,1,0
12013,0,0
8318,1,0
19917,0,0
12057,0,0
10767,0,0
2504,1,0
4309,0,0
1177,0,0
12751,0,0
2186,0,0
13800,1,0
10609,1,0
21953,0,0
24046,0,0
10440,0,0
7230,0,0
13345,0,0
7864,0,0
14568,0,0
622,1,0
11812,0,0
14869,0,0
1606,0,0
1886,0,0
5547,0,0
18994,1,0
1604,0,0
1834,0,0
17549,0,0
3237,0,0
18446,1,0
17096,1,0
2364,0,0
14571,0,0
8117,0,0
12933,1,0
12611,1,0
22558,0,0
19926,1,0
6234,0,0
2098,0,0
8165,0,0
14440,0,0
19802,1,0
13219,1,0
1651,0,0
2087,1,0
4733,0,0
18795,0,1
3032,0,0
6699,1,0
10567,0,0
10823,0,0
16087,0,0
4187,1,0
18661,0,0
14547,0,0
12737,0,0
18950,0,0
332,0,0
929,0,0
19214,0,0
22169,0,0
9086,0,0
22014,0,0
8663,0,0
14607,0,0
6252,0,0
14472,0,0
3018,0,0
5994,0,0
9084,0,0
14874,1,0
14387,0,0
5422,0,0
7491,0,0
4806,0,0
3163,1,0
17887,0,0
3280,0,0
15703,0,0
11664,0,0
16424,1,1
22718,1,0
10336,1,0
6004,0,0
20408,0,0
11931,0,0
22391,0,1
18333,0,0
10777,0,0
3276,0,0
4395,0,0
14303,0,0
17498,0,0
14299,0,0
17434,0,0
6996,0,0
17013,0,0
16428,0,0
21525,1,1
11636,0,0
17899,0,0
22099,1,0
19599,1,0
1463,0,0
2239,0,0
23060,0,0
7810,0,0
16524,0,0
21764,1,0
5508,0,0
797,0,0
22054,0,0
1752,0,0
23698,0,0
11116,1,0
16100,0,0
5077,0,0
14563,1,0
5432,0,0
19889,1,0
23832,0,0
4550,0,0
5525,0,0
16620,1,0
3575,0,0
9311,0,0
10831,0,0
22528,1,1
9867,1,1
18738,1,0
24141,0,0
8855,0,0
5016,0,0
8044,1,1
3692,0,0
6689,1,0
7287,0,0
16375,0,0
7254,0,0
17375,1,0
3043,0,0
11745,0,0
12735,0,0
14885,0,0
21893,1,0
1733,0,0
3218,0,0
14377,1,0
2102,0,0
20590,0,0
7977,0,0
13851,0,0
24180,0,0
9934,0,0
11662,0,0
6099,0,0
9093,1,0
8250,0,0
11493,1,1
4249,0,0
3263,0,0
20776,0,0
16429,1,0
2721,0,0
10430,0,0
904,0,0
5263,0,0
7889,0,0
6969,0,0
4107,0,0
15010,1,0
8676,0,0
17459,0,0
11627,0,0
19244,0,0
15311,0,0
15529,0,0
16975,1,1
4404,0,0
17815,1,0
1824,0,0
6901,0,0
14478,0,0
423,0,0
4108,0,0
2982,1,1
4155,0,0
22698,0,0
5054,0,0
8939,0,0
1520,1,1
9257,1,0
4632,0,0
14976,0,0
2841,0,0
23787,0,0
17004,0,0
15995,0,0
15506,1,0
16210,0,0
23049,1,1
9081,0,0
21524,0,0
11883,0,0
10858,0,0
13642,0,0
20215,0,0
4623,0,0
17370,0,0
7226,0,0
4936,0,0
19679,0,0
14302,0,0
11462,0,0
14963,0,0
24819,0,0
21667,0,0
21088,0,0
12661,0,0
10011,0,0
15071,0,0
12182,0,0
4428,0,0
17286,0,0
1420,1,0
459,0,0
23684,0,0
15206,0,0
7573,0,0
14812,1,1
5548,0,0
7355,0,0
15555,0,0
24853,0,0
13701,0,0
516,0,0
13465,0,0
13252,0,0
24878,0,0
10735,1,0
3687,0,0
14974,0,0
817,0,0
11625,0,0
15688,0,0
2108,0,0
19552,0,0
18267,0,0
6242,0,0
18772,0,0
24320,0,0
10293,0,0
16893,1,0
11600,0,0
13632,0,0
22678,0,0
22303,0,0
7948,0,0
838,0,0
23585,0,0
10891,0,0
11994,0,0
3473,0,0
24751,0,0
21637,0,0
19398,0,0
8860,0,0
20743,1,0
19771,0,0
18819,1,0
18574,1,0
2531,0,0
3799,0,0
13241,0,0
21222,0,0
2608,0,0
18569,0,0
575,0,0
14795,0,0
18720,0,0
15619,1,0
89,0,0
15489,0,0
8380,0,0
17496,0,0
3766,0,0
15621,0,0
21077,1,0
16559,0,0
11327,0,0
3268,0,0
10400,1,0
21763,0,0
21464,0,0
13331,0,0
21970,0,0
11992,0,0
1432,0,0
12033,1,0
7333,0,0
12834,0,0
10131,0,0
18730,1,0
9367,0,0
4579,0,0
7422,0,0
6344,0,0
17350,1,0
8628,1,0
12898,0,0
12386,0,0
15469,0,0
1508,0,0
571,0,0
24329,0,0
12202,0,0
18282,0,0
23905,0,0
15977,0,0
19812,0,0
9234,1,0
21091,0,0
22069,1,0
14295,0,0
19642,0,0
14605,1,0
2006,0,0
21730,1,1
12950,0,0
18087,0,0
16543,1,1
20554,0,0
18252,0,0
1563,0,0
11211,0,0
20349,0,0
19707,1,0
13670,1,0
22702,1,1
8575,0,0
13021,0,0
18853,1,0
12335,0,0
7056,0,0
13471,0,0
18312,0,0
11972,0,0
12324,0,0
17642,0,0
11324,0,0
10292,0,0
10478,0,0
5481,0,0
23141,1,0
2280,0,0
1805,0,0
117,0,0
7462,0,0
3666,0,0
23889,0,0
16181,0,0
21977,0,0
9462,1,0
12594,1,0
6448,0,0
4409,0,0
14364,1,0
23790,0,0
20991,0,0
23556,0,0
23283,0,0
15845,1,1
16178,0,0
22996,0,0
18993,0,0
19585,0,0
131,0,0
1090,0,0
22310,1,0
24510,1,0
23014,1,1
17693,0,0
7318,0,0
20952,0,0
11033,0,0
12433,0,0
9352,1,1
24336,1,0
17274,1,0
20092,1,0
14754,0,0
12683,0,0
6183,0,0
3426,0,0
22935,1,1
20034,0,0
7903,0,0
24729,1,0
6294,0,0
12690,0,0
897,0,0
12171,0,0
21505,0,0
11918,0,0
638,1,1
16128,1,0
16509,0,0
348,0,0
2897,0,0
8079,0,0
2369,0,0
474,1,0
14852,0,0
18647,0,0
2972,0,0
13545,0,0
7980,0,0
16538,1,0
10977,1,0
19126,0,0
19374,0,0
8263,0,0
16023,0,0
10916,0,0
978,0,0
5058,0,0
23574,1,1
4041,0,0
3679,0,0
7088,0,0
16068,0,0
21739,0,0
21182,1,1
8702,0,0
16879,0,0
9577,0,0
21241,0,0
86,0,0
17267,0,0
20415,1,0
14666,0,0
12555,1,0
15769,0,1
21465,0,0
12398,0,0
13083,0,0
16946,0,0
2867,0,0
19790,0,0
8922,0,0
14975,0,0
1938,0,1
1439,0,0
20378,0,0
18085,0,0
5045,0,0
24833,0,0
6949,0,0
24695,0,0
13896,0,0
19049,0,0
1041,1,0
24219,0,0
11276,1,0
14542,0,0
5669,0,0
23143,1,0
4494,0,0
8247,0,0
21800,0,0
17317,1,0
6018,0,0
16802,0,0
9829,0,0
23871,0,0
17567,1,0
23890,0,0
10561,0,0
14842,0,0
22034,0,0
20651,0,0
17323,0,0
14863,0,0
16455,0,0
15839,0,0
14151,0,0
1647,0,0
23351,1,0
3351,0,0
12065,0,0
20330,0,0
19678,0,0
4007,1,0
24470,0,0
23274,0,1
1519,1,1
3672,1,0
9510,0,0
1995,0,0
10081,0,0
6070,0,0
13001,0,0
12528,0,0
24848,0,0
13594,0,0
1093,0,0
6387,0,0
16856,1,0
15636,0,0
20323,0,0
1584,1,0
4834,0,0
2442,0,0
22778,1,1
13859,0,0
19786,1,0
23259,0,0
16520,0,0
18769,0,0
6782,0,0
12030,0,0
11525,0,0
1081,0,0
24143,0,0
10314,0,0
3507,0,0
23057,0,0
16721,0,0
22368,0,0
18443,0,0
23477,1,0
769,0,0
6091,1,1
20710,0,0
7788,1,0
3360,0,0
10326,0,0
20241,0,0
11996,0,0
13356,0,0
24099,1,0
21490,0,0
1215,0,0
24411,1,0
1452,0,0
19167,0,0
8704,0,0
22623,0,0
10474,1,0
6749,0,0
17581,1,0
12478,1,0
7673,0,0
6563,0,0
21718,1,1
10796,0,0
13890,1,0
15706,0,0
7519,0,0
21736,0,0
18468,1,0
7400,0,0
13764,0,0
21361,0,0
2252,0,0
14983,0,0
371,0,0
13066,0,0
15077,0,0
22147,0,0
19378,0,0
3285,1,0
19178,0,0
20230,1,0
18602,1,0
15886,0,0
2807,0,0
13574,0,0
2557,0,0
22712,0,0
18305,0,0
13172,0,0
4282,0,0
5884,0,0
10863,1,0
14826,0,0
5636,0,0
1512,0,0
16658,0,0
1064,0,0
7001,0,0
9604,0,0
12452,1,0
1981,0,0
1100,0,0
2374,0,0
1238,0,0
5461,0,0
11032,1,0
6798,0,0
10168,1,1
14249,0,0
744,0,0
4193,0,0
19734,0,0
1337,1,0
22814,1,1
6570,0,0
4996,1,0
3499,1,0
3903,0,0
6981,0,0
14785,0,0
22494,0,0
17949,0,0
20085,0,0
5865,0,0
24037,0,0
1529,0,0
12222,0,0
15441,0,0
11494,0,1
1944,1,0
11350,0,0
21131,0,0
3740,0,0
16421,0,0
15054,0,0
2168,0,0
14361,1,0
17360,0,0
3138,0,0
3565,0,0
18283,0,0
14325,0,0
10209,0,0
9969,1,1
20044,0,0
3478,0,0
10140,1,1
15685,0,0
24722,0,0
17188,0,0
5653,0,0
7786,0,0
4315,1,0
21540,1,1
13538,0,0
4864,0,0
6545,0,0
2935,0,0
6001,0,0
3697,1,0
1626,0,0
10492,0,0
20205,0,0
10722,1,0
15006,0,0
1895,1,1
5581,0,0
21932,0,0
9368,0,0
23638,0,0
18480,0,0
2975,0,0
13673,1,0
13742,0,0
7776,0,0
11537,0,0
5420,0,0
15994,0,0
21136,0,0
20051,0,0
19685,0,0
23030,0,0
2539,0,0
5596,0,0
14438,0,0
7987,0,0
2690,0,0
12457,0,0
10752,0,0
16328,0,0
17854,1,0
18718,0,0
22834,1,1
2409,0,0
6627,1,1
14626,0,0
2222,1,0
8047,1,0
5794,0,0
19780,1,1
11533,0,0
16394,0,0
4824,0,0
5582,0,0
12463,0,0
5322,1,0
23718,0,0
3061,0,0
24480,0,0
21904,1,0
19503,0,0
12092,0,0
21627,0,0
22672,0,0
21313,0,0
572,0,0
24098,0,0
7057,1,0
10938,0,0
6322,0,0
16404,0,0
10190,0,0
2997,0,0
22218,0,0
20391,1,0
14691,0,0
14629,1,0
7971,0,0
7612,0,0
24483,0,0
5150,0,0
20739,0,0
3910,0,0
12072,0,0
15209,0,0
5692,0,0
567,0,0
8105,0,0
23273,1,0
2287,0,0
8043,0,0
18675,1,1
18127,0,0
8102,0,0
18278,0,0
14579,0,0
2700,0,0
13133,0,0
8039,0,0
3376,0,0
18490,0,0
17458,0,0
10870,0,0
15387,0,0
5509,0,0
9274,0,0
21598,1,1
7384,1,0
20106,0,0
7101,0,0
17916,0,0
3686,0,0
18728,1,0
10445,0,1
10434,0,0
5537,0,0
15330,1,0
7361,0,0
5038,0,0
6594,0,0
15725,0,0
22389,1,1
7405,0,0
2605,1,0
2203,0,0
5703,0,0
10324,0,0
12010,0,0
23042,0,0
14893,0,0
20436,0,0
3239,0,0
8206,0,0
22089,0,1
18577,1,1
924,0,0
14238,0,0
2192,0,0
11248,0,0
22307,0,0
2960,0,0
22122,0,1
13593,0,0
4725,0,0
7141,0,0
12162,0,0
14560,0,0
16968,1,1
17654,0,0
738,1,0
537,0,0
10715,1,1
9788,1,1
1101,0,0
610,0,0
6909,0,0
24836,0,0
198,0,0
2268,0,0
1220,0,0
11396,0,0
10661,0,0
7233,0,0
22549,0,0
12938,0,0
18117,1,0
15527,0,0
6016,0,0
6280,0,0
22815,0,0
11638,0,0
24425,1,0
20417,0,0
3517,0,0
24948,0,0
9615,0,0
11691,0,0
22547,1,0
21160,1,0
16408,0,0
7800,0,0
870,0,0
16391,0,0
13806,0,0
2215,1,1
7334,0,0
15763,0,0
17586,0,0
213,0,0
10782,0,0
5275,0,0
4605,0,0
8953,1,0
15928,0,0
6936,0,0
16158,1,1
4275,0,0
13415,1,1
1588,0,0
12131,0,0
4615,0,0
13629,0,0
10978,1,0
11982,1,0
19344,1,0
16742,0,0
16086,0,0
20298,0,0
3706,0,0
1400,0,0
3750,1,0
16263,0,0
22498,1,0
10175,0,0
13827,0,0
6026,0,0
16961,0,0
24934,0,0
1005,0,0
21487,0,1
22743,0,0
11934,0,0
3721,0,0
21934,0,0
15517,0,0
15941,0,0
9056,0,0
3865,0,0
3596,1,0
11482,0,0
24524,0,0
24719,0,0
12863,0,0
24631,0,0
20335,0,0
19782,0,0
1988,0,0
22388,1,1
20812,0,0
12697,0,0
10286,0,0
23641,0,0
21085,1,1
6264,1,1
11929,0,0
24927,0,0
7023,1,1
4483,0,0
4105,0,0
15465,0,0
5926,0,0
15354,0,0
9818,0,0
18901,0,0
1973,0,0
21107,0,0
22347,0,0
14419,0,0
21435,0,0
10491,0,0
247,0,0
20131,0,0
2652,0,0
668,0,0
1909,0,0
16547,0,0
24736,0,0
13070,0,0
16778,0,0
16207,0,0
21396,1,0
23412,0,0
6360,0,0
4228,0,0
12592,0,0
18626,0,0
20771,1,0
13700,0,0
4837,0,0
298,0,0
18631,0,0
6590,1,1
17935,0,0
14363,0,0
16438,0,0
4268,0,0
15822,0,0
20732,0,0
2453,0,0
14907,0,0
10308,1,0
2116,1,0
24364,0,0
9187,0,0
15697,0,0
15691,0,0
10605,0,0
18161,0,0
1716,0,0
6718,0,0
7349,0,0
18558,0,0
16469,0,0
22305,0,0
3711,1,0
6086,0,0
6111,0,0
23967,0,0
20315,0,0
13234,0,0
2428,0,0
19047,0,0
8356,0,0
16496,0,0
18781,1,0
13706,0,0
5304,0,0
10721,0,0
7591,0,0
16303,0,0
651,0,0
4999,0,0
22801,0,0
22273,0,0
12684,0,0
22957,1,0
7446,1,1
13602,0,0
9852,0,0
10129,0,0
23842,0,0
17480,0,0
4285,0,0
15626,0,0
16923,0,0
10192,0,0
19522,1,0
19025,0,1
7777,0,0
15225,1,0
21923,0,0
21008,0,0
14808,1,0
18753,0,0
6304,0,0
21061,0,0
714,0,0
19593,0,0
7206,0,0
11063,1,0
12547,0,0
24444,0,0
9896,1,0
8968,1,0
12348,0,0
2601,1,0
11732,0,0
5021,0,0
19184,0,0
11741,1,0
18842,0,0
6011,0,0
5631,1,0
13140,0,0
9853,1,0
19621,0,0
8479,0,0
15486,0,0
18788,0,0
22856,0,0
24651,1,0
3023,0,0
22939,0,0
19806,0,0
10070,1,0
22110,0,0
3071,0,0
8794,0,0
959,0,0
22566,0,1
13887,0,0
6820,0,0
5380,0,0
18869,1,0
6383,0,0
11252,0,0
2118,1,1
8633,1,0
18375,0,0
24824,0,0
19428,0,0
18235,1,0
24844,0,0
9950,0,0
4764,0,0
21138,1,1
20244,1,0
7387,0,0
2425,0,0
4540,0,0
4969,0,0
8796,0,0
15164,1,0
1597,0,0
14971,1,1
9744,0,0
17866,0,0
7577,0,0
16989,0,0
17326,0,0
14505,1,0
10134,0,0
20637,0,0
12387,0,0
20825,1,0
20908,1,0
1740,1,0
17674,1,0
18919,0,0
13957,0,0
11181,0,0
11478,0,0
11520,0,0
10888,0,0
12400,0,0
23697,0,0
17301,0,0
21912,0,0
2023,0,0
3890,1,0
23448,0,0
16580,1,0
5445,0,0
9940,0,0
11082,0,0
16300,0,0
15842,1,0
18790,1,0
16420,1,0
9271,0,0
11434,0,0
9703,0,0
21710,0,0
11388,0,0
10877,0,0
19365,0,0
24109,0,0
11817,0,0
11268,0,0
6067,0,0
13852,0,0
3516,0,0
1889,0,0
18133,0,0
6880,0,0
3695,0,0
15272,0,0
7966,0,0
4222,0,0
3251,0,0
17489,0,0
22217,0,0
18893,0,0
20222,0,0
13828,0,0
5767,1,0
3784,0,0
15868,0,0
14166,1,0
22456,1,0
12350,0,0
16121,1,0
12709,0,0
13149,0,0
6572,0,0
2346,1,0
20936,0,0
12166,0,0
2621,0,0
17988,0,0
794,0,0
37,0,0
23152,0,0
9213,0,0
7739,0,0
5034,0,0
9403,0,0
17490,0,0
6528,0,0
4119,0,0
24102,0,0
24735,1,0
18212,0,0
6526,0,0
10757,0,0
14762,1,0
10280,0,0
18638,0,0
21818,0,0
11647,0,0
3724,0,0
11906,0,0
22562,1,1
386,1,0
24407,0,0
16321,0,0
20987,0,1
13349,0,0
11200,0,0
11314,0,0
18747,1,0
12474,0,0
13106,0,0
20367,0,0
11504,0,0
17244,0,0
5983,1,1
22941,0,0
13204,0,0
7381,0,0
13847,1,0
20097,1,0
22820,1,1
5108,0,0
20258,0,0
15275,1,1
17337,0,0
11824,0,0
20633,0,0
17494,0,0
155,0,0
9620,1,0
15698,0,0
6851,0,0
15003,0,0
17817,1,0
23789,0,0
21597,0,0
564,0,0
13126,0,0
19423,1,1
1920,0,0
14717,0,0
3047,0,0
18237,0,0
14403,0,0
636,0,0
249,0,0
23944,0,0
12069,0,0
148,0,0
13818,0,0
9263,0,0
13498,1,1
2372,0,0
9108,0,0
4458,0,0
7460,0,0
2564,0,0
787,1,1
8992,0,0
22087,0,0
8351,1,0
18824,0,0
12645,0,0
5292,1,0
3262,0,0
4942,1,0
1407,0,0
12157,0,0
10909,1,0
10316,0,1
18896,0,0
5224,1,0
6347,0,0
4165,0,0
13072,0,0
11959,0,0
841,0,0
21232,1,0
3495,1,0
23784,0,0
9386,0,0
15612,0,0
11818,1,0
13088,0,0
16693,0,0
10466,0,0
23434,0,0
1543,0,0
13918,0,0
13064,0,0
13310,0,0
16672,0,0
17430,0,0
5132,0,0
15551,1,0
15039,1,0
17499,1,0
1421,0,0
24653,1,0
22422,0,0
23833,1,0
20560,0,0
21284,1,1
22079,0,0
15428,1,1
19242,0,0
17454,1,0
19119,1,0
19023,1,0
23157,1,0
9912,1,0
17201,0,0
19555,0,0
17145,0,0
961,0,0
15999,0,0
3052,1,0
12440,0,0
7535,0,0
20350,0,0
16102,0,0
19,0,0
9304,0,0
12466,1,1
10031,1,0
1538,0,0
2759,0,0
602,0,0
5199,0,0
13844,0,0
11087,0,0
13014,0,0
14250,1,0
948,0,0
22920,0,0
4399,1,0
15138,0,0
18585,0,0
19236,1,0
14459,1,0
16820,0,0
12253,0,0
11723,1,0
644,0,0
13428,0,0
9922,0,0
15971,0,0
18055,0,0
6496,1,1
7952,0,0
13610,0,0
10957,1,0
7636,0,0
8033,0,0
8392,0,0
13419,1,0
20263,1,0
9826,0,0
3091,0,0
2616,1,0
22387,1,0
1195,0,0
18914,1,0
20218,0,0
23144,1,1
13862,1,0
24163,0,0
18191,0,0
19111,1,0
22276,0,0
21521,0,0
3130,0,0
15731,0,0
22792,1,1
20384,0,0
15223,0,0
13323,0,0
5912,0,0
6426,1,0
20185,0,0
19885,0,0
21548,1,1
5203,0,0
17600,1,0
2825,0,0
7414,0,0
24522,0,0
22478,0,0
20550,1,0
13057,1,1
14576,1,0
13627,0,0
9501,0,0
821,0,0
17959,0,0
19424,1,0
24435,0,0
22078,0,0
19901,0,0
11513,0,0
5144,1,0
11855,0,0
19004,0,0
8550,1,1
1666,0,0
24620,0,0
21694,0,0
15197,0,0
17173,1,0
18120,0,0
9669,0,0
11999,0,0
9634,1,0
23747,0,0
15958,0,0
6656,0,0
20240,0,0
17765,0,0
12420,0,0
1358,0,0
1067,0,0
3008,0,0
14149,1,0
7071,0,0
11618,0,0
22962,0,0
5375,0,0
10046,0,0
8829,1,0
12410,0,0
13232,0,0
15888,0,0
12891,0,0
11844,0,0
1205,0,0
23013,1,0
12794,0,0
7061,1,0
21741,0,0
21242,0,0
22317,0,1
317,0,0
6019,0,0
9022,1,1
24039,0,0
16020,1,0
23869,0,0
6587,0,0
5932,0,0
13197,1,0
1501,0,0
6620,0,1
9659,0,0
7640,0,0
13256,0,0
14035,1,0
11895,0,0
10724,1,0
17039,0,0
24720,1,0
2069,0,0
3960,0,0
476,0,0
19566,0,0
2244,0,0
20556,1,0
2665,1,0
2050,0,0
11606,1,0
15168,0,0
18406,0,0
1368,0,0
1052,0,0
2915,0,0
18477,0,0
16117,0,0
24377,0,0
18742,1,0
8065,0,0
6042,0,0
13796,0,0
5602,0,0
12139,0,0
16026,0,0
8023,0,0
5934,0,0
10775,0,0
16567,0,0
1032,0,0
10706,1,0
16466,0,0
16412,1,1
12947,1,0
10570,0,0
956,0,0
22058,0,0
13836,0,0
7016,0,0
1436,0,0
24153,1,0
9904,0,0
23628,0,0
15318,1,0
17231,0,0
2562,0,0
9718,1,1
21422,1,1
232,1,1
23044,0,0
13861,0,0
3313,0,0
6479,0,0
17452,0,0
2734,1,0
11111,1,1
14724,0,0
5953,0,0
2917,0,0
8672,1,0
19833,1,0
10804,0,0
3957,0,0
17973,0,0
12156,0,0
22508,1,0
17040,0,0
17595,1,0
1883,0,0
277,0,0
20401,0,0
9563,0,0
4974,0,0
20933,0,0
22320,0,0
6243,0,0
4690,0,0
24864,1,0
12120,1,0
19234,0,0
14328,0,0
9774,1,0
17672,1,0
8266,0,0
7386,0,0
8631,1,1
6941,0,0
21513,0,0
3770,0,0
19878,1,0
12150,0,0
8048,0,0
8468,1,0
4472,0,0
22275,1,0
23517,1,0
16809,0,0
1622,0,0
7704,0,0
7135,0,0
17162,0,0
14639,0,0
14464,1,0
19170,1,0
2265,0,0
16681,1,1
24193,0,0
5373,0,0
2077,0,0
3175,0,0
8200,1,1
13714,0,0
24134,0,0
22905,0,0
7008,0,0
20855,0,0
17031,0,0
7580,0,0
16677,1,1
21720,0,0
343,0,0
4005,0,0
24023,0,0
19711,0,0
653,0,0
14753,0,0
13221,0,0
9841,0,0
20635,0,0
6719,0,0
21473,1,0
16174,0,0
12708,0,0
8437,0,0
15617,1,0
10172,0,0
9696,1,0
21832,0,0
22529,1,0
24259,1,0
20266,0,0
20912,0,0
14784,0,0
24518,0,0
23203,0,0
24217,0,0
5407,0,0
13462,0,0
5425,1,0
19415,1,0
16610,0,0
631,0,0
12295,0,0
8303,0,0
4820,0,0
2685,1,0
717,1,0
5029,1,0
19151,1,0
23640,0,0
23080,0,0
6105,0,0
922,0,0
21441,1,1
17715,0,0
685,1,0
2881,1,0
2762,0,0
21367,0,0
7938,0,0
13020,0,0
20446,0,0
18095,1,0
708,0,0
1383,0,0
8187,0,0
15371,0,0
23309,0,0
18380,0,0
14116,0,0
7015,0,0
9993,0,0
17138,0,0
23489,0,0
10179,0,0
16491,0,0
4678,0,0
21099,0,0
15066,0,0
8890,0,0
14703,0,0
15692,0,1
568,1,1
24049,0,0
10459,0,0
4958,0,0
6527,0,0
17451,0,0
4291,0,0
15900,0,0
5967,0,0
2912,0,0
6571,0,0
5003,0,0
7038,0,0
20223,0,0
3183,0,0
7484,1,1
24942,0,0
6249,0,0
20631,0,0
15568,1,0
2258,0,0
13965,0,0
4253,0,0
16341,0,0
14180,0,0
12640,0,0
13487,0,0
20308,0,0
14385,0,0
3361,0,0
23074,0,0
12913,1,0
207,1,1
22638,0,0
3241,0,0
1539,0,0
10056,1,0
13354,0,0
4817,0,0
13729,0,0
6544,0,0
115,0,0
18622,1,0
15535,0,0
46,0,0
19213,0,0
18298,0,1
986,0,0
20911,0,0
17656,0,0
19279,0,0
18150,0,0
1887,1,0
12044,0,0
640,0,0
22128,1,0
15365,0,0
22924,1,0
14957,0,0
22636,0,0
11102,0,0
21411,1,0
8127,0,0
11288,0,0
17484,0,0
8627,0,0
23435,0,0
22958,0,0
12312,0,0
2645,1,1
19072,1,0
13406,0,0
8993,0,0
7312,0,0
3335,1,0
20167,0,0
7520,0,0
13790,0,0
5823,0,0
20158,0,0
19164,0,0
16560,0,0
17111,1,0
805,0,0
23589,1,0
23513,0,0
22076,1,0
23990,0,0
8779,1,0
7319,0,0
11572,1,0
7370,0,0
10475,1,1
13214,0,0
6196,0,0
21853,1,1
21076,0,0
12958,0,0
1521,0,0
17461,1,0
22192,0,0
3260,0,0
10252,0,0
6847,0,0
21610,0,0
20160,0,0
11433,0,0
6306,0,0
16650,0,1
22403,1,0
4110,1,0
16374,0,0
23237,0,0
13355,0,0
13572,0,0
9077,1,1
152,0,0
11770,1,0
10162,0,0
14289,0,0
3469,1,0
12556,1,0
6986,1,0
10098,1,1
1540,0,0
5411,0,0
22633,0,0
17972,1,0
5834,1,0
22072,0,0
4391,0,0
10849,0,0
3864,0,0
927,1,0
11162,0,0
20072,1,0
6469,1,0
24204,0,0
2350,0,0
12268,0,0
1707,0,0
1464,0,0
435,0,0
4385,0,0
8925,0,0
18677,1,0
5471,0,0
8783,0,0
6811,0,0
3405,0,0
4862,0,0
11900,1,0
17055,1,0
21795,1,0
24976,0,0
7080,0,0
319,0,0
6047,0,0
14657,0,0
15391,0,0
3194,0,0
15496,0,0
582,1,1
18229,1,0
4787,0,0
23916,0,0
2528,0,0
19942,0,0
17053,1,0
1787,0,0
7442,0,0
7771,0,0
9262,0,0
5290,1,0
24808,1,0
14197,1,0
2468,1,0
14413,0,0
18882,0,0
8695,0,0
18296,1,0
24958,0,0
11158,0,0
18575,0,0
3999,1,0
11281,1,0
21347,1,0
11652,0,0
13894,0,0
22829,0,0
5708,0,0
2890,0,0
15682,1,1
3198,1,0
2490,0,0
12370,0,0
1389,0,0
14990,0,0
7507,0,0
13582,0,0
12008,0,0
24441,0,0
21141,1,0
24727,0,0
24632,0,0
11756,0,0
8456,0,0
24678,0,0
7685,0,0
13609,0,0
5729,0,0
22569,0,0
21556,1,1
14939,0,0
4401,0,0
17533,0,0
10495,0,0
20383,0,0
16790,1,0
16331,0,0
3314,1,0
23975,0,0
5059,0,0
18636,0,0
5842,1,0
15370,0,0
23564,1,0
21677,1,1
12216,0,0
2241,0,0
12012,0,0
9917,0,0
22503,1,0
9900,1,1
21133,0,0
18199,1,0
1472,0,0
16557,0,0
16815,0,0
15832,0,0
22177,0,0
21965,0,0
3531,0,0
3387,0,0
15252,0,0
21714,0,0
19345,1,1
24136,0,0
14082,0,0
7259,0,0
1560,0,0
6593,0,0
6793,0,0
10924,0,0
13542,0,0
24310,1,0
4441,0,0
24850,0,0
14931,1,0
23499,0,0
18122,1,0
12274,0,0
23395,0,0
5379,0,0
3181,0,0
12776,1,1
19037,0,0
2011,1,0
9994,0,0
3266,0,0
21259,0,0
21369,1,1
21402,0,0
1224,0,0
24148,0,0
1390,0,0
340,0,0
10968,0,0
23597,0,0
20370,1,0
2355,0,0
19154,0,0
2267,0,0
7518,0,0
6407,0,0
13587,0,0
2748,0,1
5811,1,0
9268,0,1
16493,0,0
23220,0,0
17487,0,0
9459,0,0
17091,0,0
17764,0,0
18295,1,0
19526,0,0
15126,1,1
1802,0,0
14729,0,0
299,0,0
12235,1,0
11342,1,1
15362,0,0
18695,0,0
1978,0,0
21557,1,0
408,0,0
8771,0,0
4923,1,0
12152,0,0
13169,0,0
22536,1,0
4406,0,0
4053,0,0
24585,1,0
7758,0,0
20709,1,1
23168,0,0
20634,1,0
16998,0,0
23991,1,0
1349,0,0
11128,0,0
10335,0,0
9310,0,0
482,0,0
66,0,0
11976,0,0
9644,0,0
17200,0,0
569,0,0
781,0,0
1839,0,0
22734,0,0
9546,0,0
12600,0,0
11079,0,0
1060,1,0
788,0,0
15174,1,0
8544,1,0
6596,1,0
5368,0,0
22469,0,0
15261,0,0
1046,1,0
4934,0,0
5466,0,0
17664,1,0
1583,1,0
13906,1,0
21879,0,0
23466,1,1
4374,0,0
21410,0,0
4421,0,0
23133,1,1
6990,1,0
4883,0,0
17780,1,0
19532,0,0
1454,0,0
17574,0,0
17761,1,0
8089,0,0
20329,0,0
11143,0,0
6846,0,0
15700,1,0
4949,0,0
13240,0,0
17338,0,0
7239,0,0
6953,0,0
7232,0,0
21536,1,0
3119,1,0
8836,0,0
10508,0,0
11937,0,0
20700,1,0
11920,1,0
691,0,0
10846,0,0
4471,1,0
8608,0,0
14802,0,0
9181,0,0
18374,0,0
304,1,0
8703,0,0
23911,0,0
19218,0,0
7930,0,0
23124,1,0
20159,0,0
15817,1,0
15240,0,0
20653,1,1
5672,0,0
12680,0,0
16382,0,0
15640,0,0
15165,0,0
13029,0,0
11084,1,0
23070,0,0
18345,0,0
2937,0,0
16018,0,0
9323,1,0
10009,0,0
19026,0,0
13271,0,0
21883,1,1
22160,0,0
19770,0,0
10611,1,0
13269,0,0
15129,0,0
17177,0,0
2938,0,0
9276,0,0
16592,0,0
13294,1,1
9707,1,1
7244,0,0
10644,0,0
16090,0,0
14266,0,0
8777,0,0
9391,0,0
18178,1,0
15342,0,0
19211,0,0
13109,0,0
470,0,0
10583,0,0
9330,1,0
3922,1,0
17399,1,0
24863,0,0
21696,1,1
9033,1,0
22682,0,0
12062,0,0
24951,0,0
15058,0,0
23234,0,0
12646,0,0
5164,1,0
5878,1,1
22919,1,0
14146,0,0
3242,0,0
16607,0,0
12249,0,0
10039,0,0
6603,0,0
12702,1,1
18909,0,0
3083,1,0
14,0,0
12726,0,0
21181,0,0
11656,1,0
12097,0,0
17137,0,0
21702,0,0
18429,1,0
24746,0,0
20249,0,0
3646,1,0
9099,0,0
3417,0,0
22149,0,0
11170,0,0
14001,0,0
4464,0,0
6302,1,0
2020,0,0
1146,0,0
11978,0,0
4099,0,0
508,0,0
22459,1,1
2248,0,0
6481,0,0
14740,0,0
14121,0,0
9051,1,1
21436,1,0
6261,0,0
13362,0,0
24744,0,0
24932,0,0
5479,0,0
13676,1,1
1363,0,0
5987,0,0
2681,1,0
13129,1,0
20345,0,0
22882,0,0
20641,0,0
15872,0,0
8388,1,0
13334,0,0
14157,1,0
510,0,0
14737,0,0
14648,0,0
101,1,0
2204,1,0
1511,0,0
13268,0,0
6273,0,0
5487,0,0
13301,0,0
23879,0,0
2582,0,0
21007,0,0
5489,1,0
8711,0,0
17127,0,0
3066,0,0
4071,0,0
10032,1,0
8373,0,0
22578,0,0
24673,1,0
10539,0,0
9219,0,0
21877,1,1
24628,0,0
9233,0,0
7575,0,0
8853,0,0
19044,1,0
15064,0,0
2834,1,0
11354,0,0
13460,0,0
24011,0,0
608,1,1
12018,1,1
23404,0,0
23874,1,0
16115,0,0
7044,0,0
2781,0,0
12083,0,0
13156,0,0
16830,0,0
1166,0,0
3342,0,0
9702,0,0
14271,0,0
7131,0,0
18613,0,0
4535,0,0
18005,0,0
12868,0,0
2103,0,0
12967,0,0
13253,0,0
17928,0,0
16570,0,0
20548,0,0
23494,0,0
10277,1,0
1758,0,0
2417,1,1
19589,0,0
14234,0,0
18076,1,0
19657,0,0
2986,0,0
21041,0,0
3907,0,0
21866,0,0
18633,0,0
18169,1,0
23868,0,0
21849,0,0
21312,0,0
18184,1,0
3150,1,0
3382,0,0
11244,0,0
6455,0,0
1727,0,0
6568,0,0
5196,1,0
2412,1,1
14894,1,0
22369,0,0
18527,0,0
228,0,0
3435,0,0
2481,0,0
16554,1,0
14338,1,0
4161,0,0
8066,0,0
23763,1,0
9245,0,0
8615,0,0
15339,0,1
10461,0,0
13726,0,0
326,0,0
18752,0,0
21537,1,1
664,0,0
17766,0,0
12113,0,0
10406,0,0
17255,0,0
8917,0,0
18467,1,0
22915,0,0
2659,0,0
15483,0,0
24252,1,0
20327,0,0
7791,1,0
14746,0,0
4786,1,0
2164,0,0
16782,0,0
15843,0,0
2478,0,0
7483,0,1
11523,1,0
3774,0,0
9464,1,0
17181,0,0
5463,0,0
18206,0,0
16013,0,0
17617,0,0
24423,1,0
15588,0,0
8862,0,0
6883,0,0
17679,0,0
22125,1,1
14716,0,0
766,0,0
6450,1,0
16637,0,0
23780,1,0
14491,0,0
8415,0,0
16917,1,0
11458,0,0
16462,0,0
11497,0,0
9732,0,1
24874,0,0
8381,0,0
14533,0,0
6009,1,0
3343,0,0
842,0,0
4957,0,0
8457,0,0
12221,0,0
10215,0,0
19698,1,0
11446,1,1
12266,0,0
24343,0,0
17747,0,0
22692,0,0
24393,0,0
13892,0,0
2655,1,1
15791,0,0
12447,0,0
10433,0,0
24796,0,0
4274,0,0
1007,0,0
22357,0,0
5831,0,0
7885,0,0
14179,0,0
6096,0,0
16291,0,1
18929,0,0
3087,0,0
15862,0,0
22896,0,0
19339,1,0
10898,1,0
3059,0,0
342,0,0
22658,1,0
22783,1,1
562,0,0
20486,1,1
1850,0,0
4922,1,0
20532,0,0
7592,0,0
6465,0,0
7118,0,0
20357,0,0
17675,1,0
1826,0,0
5060,1,0
19195,0,0
4777,1,0
6660,0,0
6012,0,0
7556,0,0
23313,0,0
13105,0,0
7477,0,0
4760,1,0
13468,1,1
22214,0,0
20115,0,0
1359,0,0
19155,0,0
24858,0,0
12444,1,1
9242,1,1
9475,0,0
8832,0,0
2187,0,0
19713,0,0
6439,0,0
21691,0,0
20597,0,0
11832,0,0
12532,1,1
7849,0,0
15388,0,0
18315,1,1
22908,0,0
13429,0,0
14184,0,0
11666,0,0
7315,0,0
988,1,1
13233,0,0
15186,0,0
1827,0,0
15909,1,0
11061,0,0
21273,0,0
9770,1,0
1298,1,0
14510,0,0
14511,0,0
19977,1,0
11416,0,0
4850,0,0
19338,1,1
62,0,0
23686,0,0
17043,1,0
2545,0,0
20182,0,0
23418,1,1
16978,0,0
22839,0,0
8037,0,0
14291,0,0
7348,0,0
12320,0,0
433,0,0
2902,0,0
13493,0,0
4235,0,0
1532,0,0
12607,0,0
15304,0,0
12189,0,0
14912,1,0
23290,0,0
5973,0,0
5123,0,0
13152,0,0
12140,0,0
13824,0,0
3853,0,0
7457,0,0
12485,0,0
24846,0,0
14433,0,0
17778,1,1
8536,0,0
10616,1,1
21249,0,0
17415,0,0
20837,1,1
6110,1,0
21177,0,0
3140,0,0
10225,0,0
24054,1,0
4247,0,0
14732,0,0
8028,1,0
14777,0,0
6870,0,0
4921,1,0
3363,1,0
6638,0,0
22413,0,0
13275,0,0
18694,1,1
21538,0,0
10361,0,0
22366,0,0
9873,0,0
13127,0,0
22185,1,0
22993,0,0
24424,1,0
9762,0,0
946,0,0
13633,0,0
1031,0,0
9767,0,0
2587,0,0
16878,0,0
15143,0,1
6221,0,0
2243,0,0
15484,0,1
20396,0,0
20620,1,1
9751,0,0
11390,0,0
3813,0,0
3912,0,0
14551,0,0
8743,0,0
16929,1,1
13942,0,0
16256,0,0
13652,0,0
1476,0,0
17969,0,0
21898,0,0
8198,0,0
8481,0,0
10214,0,0
22885,1,0
5319,0,0
1773,0,0
1285,0,0
15277,1,0
23440,0,0
24903,0,0
21323,0,0
19574,0,0
9472,0,0
2828,1,0
4141,1,0
13926,0,0
4195,1,0
3459,0,0
24952,1,0
19197,1,0
18844,0,0
7262,0,0
1150,0,0
20054,1,1
10760,0,0
23324,0,0
15109,0,0
23973,0,0
388,0,0
4000,0,0
1838,0,0
10206,0,0
5905,1,0
21875,1,0
7360,0,0
23543,0,0
18664,1,0
14674,0,0
5273,0,0
18758,0,0
20795,1,1
9524,1,0
5052,0,0
19943,0,0
12732,0,0
6494,0,0
2647,0,0
8174,0,0
9935,0,0
9071,0,0
14741,0,0
23229,0,0
5356,0,0
2234,0,0
22059,1,1
22891,0,0
3610,0,0
341,0,0
15089,0,0
1423,0,0
14490,0,0
13779,0,0
14699,0,0
20832,0,0
3474,0,0
17886,0,0
16334,0,0
12262,0,0
19940,0,0
14701,0,0
21504,0,0
4377,0,0
21975,0,0
6756,0,0
24074,0,0
24257,0,0
17965,1,0
7292,0,0
24036,0,0
18915,1,0
15458,1,1
14455,1,0
21460,1,1
5634,1,0
7586,0,0
13739,0,0
22673,0,0
23760,1,0
19315,0,0
14836,1,0
1613,0,0
13576,0,0
1975,0,0
6706,0,0
2965,0,0
10593,0,0
8826,0,0
2715,0,0
1130,0,0
21747,0,0
18731,0,0
3416,0,0
12480,0,0
20993,0,1
22016,0,0
20392,0,0
3969,1,0
6807,0,0
1077,0,0
6477,0,0
8561,0,0
1922,1,0
12297,0,0
8903,0,0
6676,1,0
19661,0,0
19275,0,0
19659,0,0
674,1,1
24028,0,0
17409,0,0
14598,0,0
16956,0,1
12921,1,0
17346,1,0
24888,0,0
13534,0,0
24739,0,0
11088,0,0
2150,1,0
9795,0,0
18177,1,1
13902,0,0
14668,0,0
8780,0,0
20226,0,0
18913,1,0
5590,0,0
10867,0,0
3113,1,0
14485,0,0
1730,0,0
10711,0,0
12483,0,0
286,0,0
6237,0,0
154,0,0
21149,0,0
17782,0,0
22959,0,0
10341,0,0
10296,0,0
12188,0,0
18450,0,0
4814,1,0
17860,0,0
6033,0,0
9907,0,0
24990,0,0
3277,0,0
23565,1,1
12586,0,0
887,0,0
19079,1,0
5809,0,0
8499,0,0
15309,0,0
6390,1,0
10072,0,0
11866,1,1
18887,0,0
13467,0,0
20954,0,0
23708,0,0
8841,0,0
15101,0,0
4566,0,0
3564,1,0
3141,0,0
4468,0,0
13124,0,0
14676,0,0
24672,1,0
272,1,0
22377,0,0
5790,0,0
2185,0,0
16867,0,0
1492,0,0
19819,0,0
12943,0,0
24050,0,0
6512,0,0
2422,0,0
13373,0,0
8448,0,0
2014,0,0
3177,0,0
19455,0,0
13689,0,0
6773,0,0
5289,1,0
14532,1,0
23097,0,0
10758,0,0
13181,0,0
11399,0,0
7572,0,0
9599,1,1
16425,0,0
13435,1,0
10084,0,0
23855,1,0
23799,0,0
10441,1,0
8252,0,0
21187,0,0
17449,0,0
23416,0,0
10701,1,1
5560,0,0
19225,0,0
11735,0,0
1502,0,0
16950,0,0
9243,0,0
16347,1,0
20009,0,0
4529,0,0
6445,0,0
1596,0,0
3118,0,0
17236,1,0
6661,1,0
19851,0,0
20807,1,1
20839,0,0
7858,0,0
945,0,0
5924,0,0
3833,0,0
16430,0,0
6675,0,0
264,1,0
16175,0,0
600,1,1
13093,0,0
24756,0,0
13749,0,0
19014,0,0
7545,0,0
11438,0,0
23028,0,0
23660,0,0
11740,0,0
12193,0,0
10291,1,0
6954,1,0
24834,0,0
1664,0,0
19333,1,1
10364,0,0
5470,0,0
9147,0,0
12748,0,0
11894,0,0
19241,0,0
23599,0,0
9721,1,0
1690,0,0
9629,1,1
21633,0,0
12552,0,0
19367,0,0
12879,0,0
8231,1,0
22393,0,0
9165,0,0
4098,0,0
16141,0,0
15024,0,0
14226,1,0
13741,0,0
6913,0,0
13626,0,0
4242,0,0
4484,0,0
2739,0,0
12376,0,0
2246,1,0
4954,0,0
5685,0,0
12414,0,0
8659,0,0
15295,0,0
9312,0,0
15379,0,0
5114,0,0
22318,1,0
20377,1,0
3293,0,0
359,0,0
15753,0,0
5586,0,0
6313,0,0
146,1,1
18449,0,0
15543,0,0
22539,0,0
1055,0,0
18513,0,0
23596,0,0
1399,0,0
13494,0,0
4897,0,0
12647,1,0
13730,0,0
20962,0,0
13466,0,0
22263,0,0
17759,0,0
5538,0,0
4215,0,0
20312,1,0
4278,0,0
10447,1,0
20713,0,0
21765,0,1
11267,0,0
8798,0,0
5042,0,0
846,0,0
23666,0,0
23409,0,0
7870,0,0
16799,1,0
18537,0,0
21779,0,1
12331,0,0
1496,0,0
18344,0,0
4027,0,0
3440,0,0
5603,1,0
16550,0,0
23966,0,0
6349,0,0
7958,0,0
302,0,0
20746,0,0
13389,0,0
4819,0,0
18208,0,0
9131,0,0
7955,0,0
14890,0,0
23018,0,0
12734,0,0
4456,0,0
15601,1,1
11226,0,0
13412,0,0
21000,0,0
124,0,0
21655,0,1
11404,0,0
14273,1,0
14350,0,0
2913,0,0
5633,0,0
3224,0,0
907,1,0
8452,0,0
21318,0,0
22302,0,0
21821,0,0
3383,1,0
1462,0,0
1030,0,0
337,0,0
22159,0,0
4925,0,0
18135,1,0
9491,0,0
22889,1,0
1145,0,0
9353,1,0
8458,0,0
16470,0,0
4015,1,0
9468,0,0
20063,0,0
17601,0,0
13452,0,0
24586,1,0
658,0,0
8569,1,0
17733,1,1
7455,0,0
19483,0,0
22995,0,0
3303,0,0
20552,0,0
21452,0,0
14545,0,0
2062,1,0
7514,1,0
13430,0,0
24700,1,0
21118,1,0
16199,0,0
4459,0,0
9884,0,0
16596,0,0
4573,0,0
24841,0,0
8607,0,0
4350,0,0
9045,0,0
11249,0,0
14109,0,0
21420,1,1
22510,1,1
7136,0,0
23955,0,0
4352,1,0
22132,1,1
19750,0,0
22447,0,0
24930,0,0
22309,0,0
1623,0,0
17299,0,0
12670,0,0
9488,0,0
13227,0,0
2515,0,0
18552,1,1
19619,0,0
2026,0,0
13856,0,0
13928,0,0
194,0,0
10479,0,0
17926,0,0
1489,0,0
12833,0,0
8070,0,0
15065,0,0
20192,0,0
21994,0,0
17023,0,0
2640,0,0
15718,0,0
5341,0,0
5315,1,0
6052,0,0
9117,0,0
18663,0,0
13750,0,0
2597,1,0
24861,0,0
6176,0,0
27,1,0
4789,0,0
13414,0,0
15690,0,0
19568,0,0
16765,0,0
513,0,0
19478,0,0
19828,1,0
20734,0,0
12423,0,0
1726,0,0
13995,0,0
9478,1,0
3878,0,0
22614,0,0
2419,0,0
15493,1,0
13195,0,0
7674,0,0
18452,0,0
3028,0,0
1431,0,0
13649,0,0
1258,0,1
10334,0,0
18097,1,0
3783,0,0
20846,0,0
7533,0,0
16021,1,0
10907,0,0
8963,0,0
6615,0,0
21480,1,1
17405,1,0
4049,1,0
23600,0,0
2850,0,0
24233,0,0
14173,0,0
18299,0,0
22911,1,0
15510,0,0
934,0,0
22826,0,0
20848,1,1
1745,0,0
3757,0,0
7701,0,0
14102,0,0
16604,1,0
24097,0,0
20013,0,0
14425,0,0
8394,0,0
20153,0,0
12918,1,0
24589,0,0
9831,0,0
5186,0,0
4846,0,0
1329,0,0
17690,0,0
13518,0,0
21920,1,1
20024,0,0
10828,0,0
10665,0,0
21231,0,0
16535,1,0
6114,0,0
23939,0,0
15268,1,0
23294,0,0
15124,1,1
14356,0,0
16058,1,0
19932,1,0
22926,0,0
24337,0,0
1919,0,0
21208,0,0
6877,0,0
4430,0,0
20336,0,0
12597,0,0
7193,1,1
13238,0,0
12952,0,0
19595,1,1
3647,1,0
16575,0,0
8856,0,0
15461,0,0
18121,0,0
18592,0,0
20611,1,1
12006,0,0
20721,0,0
22809,0,0
18813,0,0
60,0,0
19936,0,0
9138,0,0
1986,0,0
15559,0,0
21578,0,0
2029,1,0
20893,0,0
16994,0,0
20055,0,0
16680,1,1
18393,0,0
10986,0,0
18619,1,0
4473,0,0
7372,0,0
12234,1,0
15507,1,0
10890,0,0
18956,0,0
23441,1,0
339,0,0
9008,0,0
13589,0,0
16130,0,0
22489,1,0
12205,0,0
12650,0,0
1105,0,0
4205,0,0
8341,1,0
13190,0,0
10275,0,0
8738,0,0
13279,1,0
4833,0,0
13326,0,0
10211,0,0
23651,1,0
308,0,0
4179,0,0
662,0,0
13624,0,0
23583,0,0
13568,0,0
10076,0,0
4569,0,0
24361,0,0
23077,0,0
105,0,0
24681,1,0
6670,0,0
19997,0,0
24966,0,0
15000,0,0
15828,1,0
17523,1,0
24331,0,0
19643,1,0
8104,0,0
13500,0,0
10925,0,0
21355,0,0
5485,0,0
18668,1,1
10216,0,0
8588,1,0
24974,0,0
8852,0,0
20190,0,0
14161,0,0
24179,0,0
15028,0,0
15191,0,0
3189,0,0
24189,0,0
2833,0,0
7794,0,0
3167,1,0
7002,0,0
23393,0,0
95,0,0
3718,0,0
7095,0,0
9400,1,1
3164,0,0
5968,0,0
3502,0,0
20245,0,0
11272,0,0
15410,1,0
14643,0,0
6030,0,0
23278,0,0
106,0,0
7114,0,0
8275,0,0
22609,0,0
24497,0,0
13560,0,0
23972,1,0
7151,0,0
11775,1,0
5247,1,0
2027,0,0
16919,1,0
3494,1,0
22071,0,0
13839,0,0
8272,0,0
8134,0,0
23912,0,0
21261,0,0
5357,0,0
24639,0,0
1456,0,0
4608,0,0
19209,0,0
18136,0,0
24208,0,0
24455,1,0
10399,0,0
7611,0,0
22893,0,0
14399,0,0
4163,0,0
14045,0,0
21773,1,1
19018,0,0
24997,0,0
16540,1,0
5181,0,0
15353,0,0
1715,0,0
6198,0,0
16584,0,0
23706,0,0
15041,1,0
2882,0,0
22831,0,0
3078,0,0
19253,0,0
3301,0,0
1680,0,0
5385,0,0
7804,0,0
11176,1,1
10221,0,0
19547,0,0
22224,1,0
9713,0,0
24489,0,0
5850,0,0
13536,0,0
2978,0,0
13231,0,0
8470,0,0
17966,0,0
22259,0,1
23022,1,0
13375,0,0
5174,1,0
6724,0,0
1075,1,0
23182,0,0
18832,0,0
13539,0,0
13332,0,0
23411,0,0
824,0,0
11548,0,0
2844,0,0
21074,0,0
12151,0,0
740,1,0
8601,0,0
14246,0,0
12717,0,0
12664,0,0
12079,0,0
3563,1,0
9104,0,0
12025,0,0
6849,0,0
21295,0,0
14417,0,0
7330,1,0
3533,0,0
4238,1,0
20662,0,0
1208,0,0
14517,0,0
19609,1,0
13718,0,0
54,0,0
3029,0,0
7749,0,0
18422,0,0
13292,0,0
2240,0,0
16706,0,0
9214,0,0
14066,0,0
9163,0,0
5956,0,0
5704,0,0
11706,1,0
5719,0,0
23826,0,0
813,0,0
10310,1,1
14886,1,0
7435,0,0
20670,0,0
3759,0,0
9509,0,0
24750,0,0
17223,0,0
12086,0,0
17305,0,0
24477,0,0
7413,0,0
12015,0,0
10974,0,0
10692,1,0
17077,0,0
16311,1,1
22762,0,0
6679,0,0
18066,1,0
4339,0,0
5806,0,0
5678,0,0
16763,0,0
3846,0,0
10240,0,0
9714,1,0
15215,0,0
1288,1,0
8913,0,0
1028,0,0
21805,1,0
4590,0,0
6446,1,1
9513,0,0
19239,0,0
10730,1,0
19511,0,0
22825,0,0
13510,0,0
6684,0,0
4926,0,0
23449,0,0
14101,0,0
23321,1,1
3669,0,0
14167,0,0
5316,0,0
10423,0,0
23938,1,0
11125,1,0
8126,0,0
9957,0,0
16499,0,0
791,0,0
12354,0,0
20204,0,0
19358,0,0
2633,1,1
23285,1,0
15290,0,0
9393,0,0
5873,0,0
21101,0,0
3449,0,0
5256,0,0
12163,0,0
8668,1,0
18526,0,0
13445,0,0
16725,0,0
24077,0,0
15699,0,0
22161,1,0
22041,0,0
4607,0,0
16969,1,0
172,0,0
22019,1,0
23421,0,0
19775,0,0
13841,1,0
8574,1,0
2179,0,0
7874,0,0
3462,0,0
3933,0,0
14405,0,0
5716,0,0
21857,1,0
18119,0,0
24432,0,0
14025,0,0
9635,1,1
4940,0,0
1266,0,0
15321,0,0
1595,0,1
2033,0,0
10436,1,1
4879,0,0
15615,1,0
3837,1,0
12989,0,0
23436,0,1
11343,0,0
19879,0,0
8443,0,0
22717,1,0
9610,1,1
5843,1,0
5512,0,0
14202,1,0
1576,0,0
1527,0,0
21267,0,0
18170,1,1
15603,1,1
22752,1,1
3455,0,0
16741,0,0
4640,0,0
19199,0,0
22418,1,0
23682,1,0
7224,0,0
15895,0,0
4245,0,0
2008,0,0
5541,0,0
18396,0,0
11613,0,0
14534,1,0
19764,0,0
11037,0,0
21374,1,1
12315,0,0
14027,0,0
4993,0,0
19347,0,0
22871,0,0
13566,1,1
21636,0,0
19132,0,0
16329,0,0
16377,0,0
19988,0,0
11028,1,0
21398,0,0
23603,0,0
18945,0,0
15386,1,0
7939,0,0
3122,1,0
2379,0,0
21113,0,1
17837,1,0
10908,0,0
449,0,0
16909,0,0
19810,0,0
10759,1,1
22006,0,0
19140,0,0
9677,1,0
16518,1,0
2821,0,0
15707,0,0
6696,0,0
13162,0,0
220,0,0
6606,0,0
20923,0,0
5336,0,0
17659,0,0
3509,0,0
20728,0,0
6075,0,0
4207,0,0
16884,1,0
7998,0,0
22189,0,0
13950,0,0
9394,0,0
15765,0,0
9207,0,0
19426,1,0
13910,0,0
20890,0,1
103,0,0
10995,0,0
6399,1,0
18325,1,0
13999,0,0
17668,0,0
8012,0,0
5354,0,0
14565,0,0
17193,0,0
21005,0,0
23559,0,0
5722,0,0
2984,1,0
22261,0,0
10718,0,0
16028,0,0
13949,0,0
21269,0,0
23729,0,0
6171,0,0
20321,1,0
16071,0,0
3214,0,0
13012,0,0
4396,0,0
13619,0,0
20551,0,0
23292,0,0
2868,0,0
12198,0,0
13037,0,0
15771,0,0
6424,0,0
63,0,0
4013,0,0
8262,0,0
6777,0,0
15519,0,0
23121,0,0
6612,0,0
23746,0,0
491,0,0
23184,0,0
20376,1,0
6343,0,0
14111,0,0
18168,0,0
11596,1,0
373,0,0
9209,0,0
2591,0,0
15004,0,0
20084,0,0
14641,0,0
15901,1,0
11908,0,0
14789,0,0
22584,0,0
12538,0,0
11820,0,0
24062,0,0
16745,0,0
3930,0,0
23667,0,0
11733,0,0
24484,0,0
22025,0,0
2630,1,1
11447,0,0
15343,1,0
23561,0,0
10670,0,0
14843,0,0
21650,0,0
4070,0,0
17834,0,0
12000,0,0
13118,0,0
23341,1,0
18801,0,0
8421,0,0
21858,0,0
17655,0,0
17940,0,0
22722,0,0
16842,0,0
20921,0,0
10227,0,0
16254,1,1
15502,0,0
21450,1,0
15582,1,1
11806,0,0
8595,0,0
3256,0,0
11026,1,0
12489,0,0
20078,0,0
19183,0,0
3267,0,0
6207,0,0
19630,0,0
19065,1,0
17512,0,0
8071,0,0
12925,0,0
13392,1,1
22477,1,1
19996,0,0
17700,0,0
14640,0,0
3737,0,0
5370,1,0
7335,0,0
3626,0,0
1754,0,0
23376,1,0
13745,0,0
6714,1,0
4212,0,0
10660,0,0
10854,0,0
22741,1,1
24975,0,0
17369,0,0
22315,1,0
15770,1,0
15983,0,0
785,1,0
13874,0,0
7471,0,0
9997,0,0
14427,1,1
11366,1,0
13969,0,0
10156,0,0
3348,0,0
12582,1,1
20903,0,0
10932,0,0
11642,1,1
21385,0,0
1990,0,0
17727,0,0
20299,0,0
9955,0,1
4987,0,0
16410,0,0
15449,0,0
16964,0,0
18250,0,0
4708,0,0
3109,0,0
24261,0,0
9540,0,0
7913,1,0
20755,0,0
16215,0,0
21679,1,0
21228,0,0
1559,0,1
11586,0,0
1332,1,0
12100,0,0
21705,0,0
18113,0,0
9003,0,0
7433,0,0
5155,1,0
18760,0,0
7261,0,0
16172,0,0
21831,0,0
22697,0,0
6466,0,0
9002,0,0
13791,0,0
4169,0,0
765,1,1
13805,0,1
17856,1,0
18227,1,0
3725,1,0
7225,0,0
12883,0,0
10265,0,0
14307,0,0
7702,0,0
12141,0,0
2672,0,0
20667,0,0
21276,0,0
14267,0,0
917,0,0
11957,0,0
16984,0,0
3696,1,0
6215,0,0
1306,0,0
11080,0,0
511,1,0
13601,0,0
13857,0,0
1385,0,0
10878,0,0
7697,0,0
6898,0,0
7539,0,0
10548,0,0
3923,1,0
3967,0,0
13672,0,0
7848,0,0
18557,1,0
9872,0,0
9427,1,0
10331,0,0
9823,0,0
7062,1,0
5718,0,0
5192,0,0
22774,1,0
6098,0,0
3227,0,0
13145,0,0
10135,0,0
2225,0,0
16838,1,0
4204,0,0
1174,0,0
5528,1,0
23711,1,0
24161,1,0
2262,0,0
2469,0,0
776,0,0
8563,0,0
13933,0,0
18261,0,0
12385,0,0
24978,0,0
13449,0,0
14216,0,0
69,0,0
22141,0,0
11149,0,0
22140,0,0
5141,0,0
16335,1,0
17671,1,0
16059,1,0
18241,0,0
70,0,0
20960,0,0
20306,0,0
22577,1,0
14946,0,0
11715,0,0
17491,0,0
24770,0,0
21792,1,0
14163,0,0
18090,1,0
6055,0,0
11901,1,1
6028,0,0
19908,0,0
22133,1,1
7942,0,0
24714,0,0
20748,0,0
8424,1,0
3684,0,0
15288,0,0
12722,0,1
8041,0,0
24164,0,0
11024,1,0
11644,0,0
1792,0,0
3226,0,0
19102,0,0
840,0,0
9483,0,0
3911,0,0
22877,0,0
23475,0,0
1361,0,0
24602,1,0
11633,1,1
11734,0,0
13019,0,0
19827,0,0
1404,0,0
611,0,0
3608,0,0
9247,0,0
8564,1,0
3025,0,0
4240,0,0
18092,0,0
2293,0,0
24918,0,0
12809,0,0
11107,1,0
7279,0,0
15200,1,0
12959,0,0
2034,0,0
21199,0,0
13039,0,0
515,0,0
16997,0,0
17699,0,0
13974,1,0
7991,0,0
13047,0,0
6540,1,0
16636,0,0
11682,0,0
17113,1,0
2863,0,0
7670,0,0
13049,0,0
11374,1,1
3808,0,0
12464,0,0
4995,0,0
2567,0,0
10228,0,0
20304,0,0
24605,0,0
16245,0,0
17827,1,0
1433,0,0
20805,1,0
24449,0,0
5702,0,0
5507,0,0
10404,0,0
9465,0,0
19702,1,0
11076,0,0
18579,1,0
14992,0,0
4683,0,0
274,0,0
13968,0,0
20836,0,1
8525,1,1
12411,0,0
20491,0,0
6394,0,0
7650,0,0
12136,0,0
22081,1,1
18634,0,0
6326,0,0
23963,0,0
6178,0,0
15221,0,0
24058,0,0
3859,0,0
20399,0,0
4154,0,0
9857,1,0
3548,1,0
8537,0,0
11300,0,0
10309,0,0
2675,0,0
5671,1,0
14540,0,0
12117,0,0
6889,0,0
12995,1,0
16205,0,0
8022,0,0
21972,0,0
2769,0,0
19959,0,0
1518,1,1
16667,0,0
18990,0,0
1065,0,0
14715,0,0
68,0,0
10051,0,0
21952,1,0
20322,0,0
17261,0,0
23544,0,0
16574,0,0
15463,0,0
7574,0,0
7132,0,0
9980,1,0
12820,1,0
14075,0,0
8623,0,0
13646,0,0
15499,0,0
22225,0,0
15260,0,0
22326,0,0
10242,0,0
6025,0,0
22215,1,0
8383,0,0
15530,0,0
14667,0,0
23289,1,1
576,0,0
24692,0,0
11630,1,0
24580,0,0
9246,0,0
9322,1,0
8617,0,0
11556,1,0
10166,0,0
20926,0,0
3208,0,0
4672,0,0
12214,0,0
20523,1,0
15324,0,0
18230,0,0
5802,0,0
16526,0,0
23857,0,0
24494,0,0
7844,0,0
6662,1,0
10533,0,0
15841,0,0
9375,0,0
11611,0,0
19208,0,0
4715,0,0
20760,0,0
16912,0,0
13522,0,0
3166,0,0
12232,0,0
14029,0,0
4798,0,0
15044,0,0
16111,0,0
2279,0,0
8063,0,0
7753,0,0
12511,0,0
12643,0,0
10158,0,0
21566,0,0
11947,0,0
9014,1,0
2176,0,0
7857,0,0
14277,0,0
10069,1,1
12671,1,0
23311,1,0
660,0,0
9933,0,0
20978,0,0
21154,1,1
3072,0,0
24766,1,0
8085,1,0
20642,0,0
7074,0,0
14859,0,0
5991,0,0
18006,0,0
22945,0,0
10143,1,0
19463,0,0
3971,0,0
11700,0,0
4543,0,0
12835,0,0
7344,0,0
10532,0,0
22301,0,0
16422,0,0
19626,1,0
8000,0,0
14767,0,0
10443,1,0
22042,0,0
6740,0,0
21055,1,0
21824,0,0
17203,1,0
9341,1,0
2936,0,0
22568,1,1
13905,0,0
21067,0,0
23304,1,0
10305,0,0
4477,0,0
251,0,0
23806,0,0
20536,0,0
2359,0,0
2224,0,0
3559,0,0
7627,0,0
18270,0,0
16362,0,0
17682,1,0
14827,0,0
24324,0,0
7867,0,0
11319,0,0
14541,0,0
1087,0,0
9055,1,0
12437,0,0
19438,0,0
4102,0,0
16294,0,0
11382,0,0
21414,1,0
23191,0,0
20867,0,0
6258,0,0
11515,0,0
6683,0,0
2303,1,0
4118,0,0
24943,0,0
17662,0,0
2112,0,0
19773,0,0
2707,0,0
17333,0,0
9335,0,0
15537,0,0
9194,0,0
8799,0,0
17347,0,0
23011,0,0
20062,0,0
13597,0,0
13961,1,0
9369,0,0
18565,0,0
8788,0,0
12681,0,0
6250,0,0
19142,0,0
15910,1,1
15358,0,0
15947,1,0
19628,0,0
15456,0,0
10458,0,0
19172,0,0
23196,1,0
19303,0,0
16094,0,0
242,0,0
3432,0,0
1804,0,0
47,0,0
19392,0,0
2771,0,0
14362,1,1
21652,0,0
11779,1,0
2991,0,0
1961,0,0
19919,1,0
14469,0,0
19148,1,0
23691,0,0
3919,0,0
774,0,0
18782,0,0
7498,0,0
8810,0,0
5363,1,0
7761,0,0
1339,0,0
3364,0,0
1817,0,0
4185,0,0
1582,0,1
24615,0,0
12103,0,0
6678,1,0
2332,1,1
12799,0,0
16449,0,0
24291,0,0
13074,0,0
22978,0,0
13947,0,0
14376,0,0
2820,0,0
18051,0,0
17143,0,0
913,0,0
16293,0,0
16728,0,0
14619,0,0
19061,0,0
13262,0,0
7203,0,0
6381,0,0
2674,0,1
16236,0,0
7317,0,0
3398,1,0
22361,0,0
18496,0,0
23012,0,0
9456,0,1
18451,0,0
20342,0,0
6686,0,0
8935,1,0
24213,0,0
14280,0,0
12002,0,0
12581,1,0
5098,1,0
3427,0,0
20355,0,0
13876,0,0
587,0,0
18847,0,0
24559,0,0
16611,0,0
7785,1,1
976,0,0
9782,0,0
21761,0,0
9787,1,1
2596,0,0
23614,0,0
5960,1,0
4196,1,0
4668,0,0
18189,0,0
3603,0,0
17723,1,0
23213,0,1
24965,0,0
9798,0,0
4933,0,0
22670,0,0
5274,0,0
4745,1,0
18411,0,0
14013,0,0
19192,1,0
8981,0,0
84,0,0
13436,0,0
1574,0,0
20094,0,0
15865,1,0
12567,0,0
8319,0,0
1943,1,1
1863,0,0
1121,1,0
8447,0,0
13580,0,0
14706,0,0
10871,0,0
23830,0,0
12615,0,0
16985,0,0
10066,0,0
9690,0,0
6166,0,0
22124,1,0
7472,0,0
14520,0,0
20099,0,0
21949,1,1
8549,1,0
20474,0,0
2423,1,0
13532,0,0
5670,0,0
22035,0,0
6092,0,0
196,0,0
22274,0,0
16264,1,0
19984,1,0
19250,0,0
996,1,1
6045,0,0
2165,0,0
8666,0,0
4262,0,0
5807,0,0
8197,0,0
4963,0,0
22398,0,0
12513,0,0
17204,1,0
14673,0,0
12115,0,0
20844,0,0
7760,0,0
7485,0,0
17797,1,0
448,0,0
23472,1,0
4870,0,0
2376,0,0
1471,0,0
23960,0,0
4685,0,0
13315,0,0
8138,0,0
13605,0,0
8298,0,0
3703,0,0
13032,0,0
4224,0,0
5450,0,0
13899,0,0
413,0,0
12200,0,0
22557,1,0
22119,0,0
1255,0,1
8664,1,0
20468,1,0
1213,0,0
10622,0,0
509,0,0
7130,0,0
659,0,0
8789,0,0
24992,0,0
21999,0,0
18409,0,0
6317,0,0
12408,0,0
11802,0,0
19469,1,1
21283,0,1
22461,0,0
6285,0,0
20737,0,0
4959,0,0
21028,0,0
23481,1,0
1411,0,0
13661,0,0
10502,0,0
17921,0,0
22916,1,1
20557,1,0
8974,1,0
5796,0,0
1914,1,1
21288,0,0
11470,0,0
4705,0,0
1794,1,1
20242,0,0
18243,0,0
16788,1,0
3133,0,0
3068,0,0
24645,1,0
3959,0,0
21502,1,0
13073,0,0
18908,0,0
22145,0,0
1352,0,0
9926,0,0
19382,0,0
23625,0,0
21671,0,0
12589,0,0
19675,0,0
2711,0,0
936,0,0
5219,0,0
16043,0,0
12024,0,0
11861,0,0
18937,1,0
1307,0,0
2639,0,0
13182,0,0
3622,0,0
9676,0,0
11257,0,0
8757,0,0
9888,0,0
10569,0,0
14158,1,1
11696,0,0
3205,1,0
13300,0,0
22664,0,0
20819,0,0
13557,0,0
24871,0,0
7840,0,0
17731,1,1
7168,0,0
12914,0,0
10948,0,0
9909,0,0
15561,0,0
1577,0,0
17486,0,0
19153,0,0
17220,0,0
13270,0,0
16332,0,0
14336,0,0
9740,0,0
2063,0,0
7479,0,0
22534,1,1
1741,0,0
21799,0,0
4861,0,0
704,1,0
507,0,0
6655,0,0
7421,0,0
7973,0,0
21456,1,0
715,1,0
10526,0,0
9665,1,1
21613,0,0
9449,0,0
22848,0,0
8766,0,0
1438,0,0
24732,0,0
20712,0,0
12277,0,0
13330,0,0
6674,0,0
10790,0,0
1056,0,0
11243,0,0
24172,1,0
21674,0,0
23276,0,0
2669,0,0
8497,0,0
21302,1,0
9169,0,0
23985,0,0
8774,0,0
12740,0,0
5851,1,0
8124,0,0
16052,0,0
19873,0,0
21271,1,0
22859,1,0
21814,0,0
1590,0,0
985,0,0
7884,0,0
4151,0,0
13380,0,0
14286,0,0
21045,0,0
18370,0,0
1188,0,0
17840,1,0
16150,1,0
21179,0,0
23509,0,0
24996,0,0
15255,0,0
973,0,0
2970,0,0
16731,0,0
15986,0,0
2742,0,0
14592,0,0
8931,0,0
18971,0,0
8620,0,0
14265,0,0
24920,0,0
12499,0,0
14339,0,0
9799,0,0
17287,0,0
12850,0,0
6672,0,0
8158,0,0
4971,0,0
9186,0,0
5270,0,0
15593,0,0
9425,0,0
12321,0,0
17686,0,0
108,0,0
12917,1,0
18880,1,0
3595,0,0
23463,1,0
21401,1,0
9785,0,0
15076,1,1
10953,0,0
11047,0,0
16242,0,0
11512,0,0
14231,0,0
8286,0,0
4843,0,0
22121,1,1
23643,0,0
13973,0,0
7005,0,0
23864,0,0
20032,0,0
2563,0,0
1702,0,0
22155,1,0
20859,1,0
10001,0,0
19882,0,0
24815,1,0
12209,0,0
24166,0,0
17265,0,0
2399,0,0
8653,1,0
15002,0,0
14394,0,0
3984,0,0
18930,0,0
11231,0,0
6669,0,0
3489,0,0
11808,0,0
17226,0,0
3636,0,0
11529,0,0
17857,1,0
22596,0,0
20965,0,0
18461,1,0
11015,1,0
19993,0,0
586,1,0
24862,0,0
17643,0,0
17695,0,0
3631,0,0
6668,0,0
8942,1,0
2455,0,0
22246,1,0
13379,0,0
24499,0,0
5572,0,0
17526,1,0
4802,0,0
17571,1,0
8765,0,0
7461,1,0
5337,0,0
20046,0,0
16661,0,0
15116,0,1
21111,1,0
6456,0,0
1592,0,0
6073,0,0
6610,0,0
1209,0,0
21940,0,0
22227,0,0
11270,0,0
9082,0,0
12219,0,0
23623,0,0
13357,0,0
5925,0,0
20155,1,1
21506,0,0
7218,0,0
7043,0,0
22196,0,0
18483,0,0
21775,1,1
3446,0,0
15088,1,0
8234,0,0
8591,0,0
2995,0,0
1913,0,0
18222,0,0
20816,0,0
14645,1,0
13043,0,0
23258,1,1
3765,0,0
1085,0,0
23553,0,0
19602,1,1
17531,0,0
22513,0,1
20930,0,0
1269,0,0
2156,0,0
16281,1,0
16072,0,0
17435,0,0
14857,0,0
20388,0,0
19835,0,0
5677,0,0
21560,0,0
18912,0,0
14847,0,0
21278,1,0
10954,1,0
11796,1,0
705,0,0
465,0,0
23577,1,0
19712,0,0
10886,1,0
1566,0,0
7562,1,1
3736,0,0
5434,0,0
13108,0,0
18830,0,0
15052,0,0
5303,0,0
4734,0,0
23425,0,0
24801,0,0
19692,0,0
1240,0,0
23262,1,0
14329,0,0
21019,1,0
328,0,0
4849,0,0
22406,1,0
10501,0,0
16512,0,0
21474,0,0
22353,0,0
1018,0,0
24807,0,0
11650,1,0
3824,1,0
7073,0,0
5863,0,0
6370,0,0
17473,1,0
21125,1,0
954,0,0
17980,0,0
97,0,0
20492,0,0
19948,0,0
24656,1,0
21900,1,0
15273,1,0
7757,0,0
7820,1,0
22948,0,0
12851,1,0
13723,0,0
10243,0,0
11575,0,0
22965,1,0
23501,0,0
20460,0,0
6755,0,0
322,0,0
17898,0,0
8907,0,0
739,1,0
2761,0,0
21606,0,1
9704,0,0
21735,1,0
23464,0,0
16841,1,0
20997,1,0
20114,0,0
6543,0,0
12752,0,0
17404,0,0
201,1,0
19541,0,0
21478,0,1
23818,0,0
8823,0,0
18492,1,0
1274,0,0
18214,1,0
20017,1,0
10673,0,0
4324,0,0
8313,0,0
24980,0,0
5942,0,0
9521,0,0
181,1,1
22968,0,0
2888,0,0
16015,0,0
14591,0,0
22895,0,0
33,0,0
18493,0,0
24286,0,0
18044,0,0
21426,1,1
20268,0,0
23467,1,0
3084,0,0
23107,0,0
11702,0,0
14749,0,0
23359,0,0
22781,1,0
16521,0,0
11083,1,1
17620,0,0
22304,0,0
6007,0,0
18736,0,0
13000,1,0
7671,0,0
7663,1,1
19627,1,0
15173,0,0
7961,0,0
6226,0,0
16683,1,0
12428,0,0
12817,1,0
2361,0,0
4653,0,0
12450,0,0
15082,0,0
8758,0,0
14043,0,0
12791,0,0
2291,0,0
23183,0,0
2537,0,0
15027,0,0
20972,0,0
3477,0,0
5500,0,0
10333,0,0
10490,0,0
13102,0,0
23958,0,0
13082,0,0
8140,0,0
21592,0,0
21873,0,0
17045,0,0
3326,0,0
10881,0,0
17155,0,0
11392,0,0
1800,0,0
9303,0,0
13752,0,0
21748,0,0
8581,0,0
1001,0,0
9639,0,0
7412,0,0
18549,1,0
13282,0,0
21386,0,0
110,0,0
15838,1,1
15933,0,0
20628,0,1
20735,0,0
22875,0,0
19921,1,0
24288,0,0
23178,0,0
867,0,0
18838,0,0
4316,1,0
11036,0,0
9343,0,0
5658,0,0
7628,0,0
3851,0,0
3379,0,0
24556,1,0
24588,0,0
12195,0,0
10686,0,0
2247,1,1
21872,0,0
4656,1,0
2386,0,0
23642,0,0
22012,0,0
19853,0,0
12991,1,0
16901,0,0
7208,0,0
13339,0,0
12750,0,0
14254,0,0
865,0,0
20768,0,0
1654,0,0
1963,0,0
5900,0,0
7249,0,0
24675,0,0
5017,0,0
19134,0,0
17195,1,0
22775,0,0
20719,0,0
19287,0,0
2457,0,0
5917,0,0
16525,0,0
6340,0,0
17621,0,0
15595,1,0
21135,0,0
16180,0,0
15773,1,0
726,0,0
8889,0,0
14301,0,0
24052,0,0
7035,0,0
15035,0,0
10655,0,0
22969,1,0
20781,1,0
3869,0,0
14501,0,0
20753,1,0
7382,0,0
24298,1,0
20178,1,0
6297,1,0
15955,1,0
22286,0,0
3030,0,0
20676,0,0
11492,1,0
16393,1,0
21024,0,0
5506,0,0
10579,0,0
1366,0,0
20863,0,0
3566,0,0
2847,0,0
21974,0,0
19623,0,0
18288,0,0
2191,0,0
15149,0,0
3248,0,0
11496,0,0
20830,0,0
14889,1,0
3807,0,0
18820,1,1
11724,0,0
14589,0,0
9202,1,1
4915,0,0
10365,1,0
17939,0,0
12351,0,0
12279,0,0
17263,0,0
19256,0,0
24777,0,0
19310,0,0
14854,1,1
11829,0,0
1541,1,0
17830,1,0
15020,0,0
9253,0,0
21985,0,0
4645,0,0
21757,1,0
24401,1,0
7199,0,0
24358,0,0
15893,0,0
4866,0,0
8814,0,0
24154,0,0
21248,0,0
19371,1,0
8111,0,0
9802,0,0
12946,0,0
6438,0,0
4766,1,0
18346,0,0
18056,0,0
11062,0,0
21469,1,0
4970,0,0
24332,0,0
1072,0,0
12342,0,0
4129,0,0
10844,0,0
16448,1,0
24817,0,0
22575,0,0
5231,0,0
23867,0,0
4679,0,0
23989,0,0
11204,0,0
21156,0,0
7488,0,0
18437,0,0
17309,0,0
4362,1,0
5494,1,0
21310,0,0
19152,1,0
9296,0,0
13695,0,0
24491,1,0
24983,1,0
641,0,0
15960,1,0
16373,0,0
23241,1,1
1833,1,1
22237,0,0
1524,0,0
9598,1,0
12109,0,0
206,0,0
13360,0,0
6722,0,0
13834,1,0
2175,0,0
15492,0,0
16729,0,0
2784,0,0
1753,0,0
23970,1,0
3306,0,0
11495,0,0
5096,0,0
6513,1,1
24514,0,0
12827,0,0
22846,0,1
20976,0,0
24246,0,0
7178,0,0
8773,1,0
10248,0,0
2849,0,0
5503,1,0
16804,1,0
3232,0,0
11968,0,0
15482,0,0
19054,0,0
19739,1,0
23226,0,0
18985,0,0
23962,0,0
13171,1,0
13388,0,0
3866,0,0
22168,0,0
16654,0,0
6960,1,1
9283,0,0
118,0,0
13343,0,0
2296,0,0
20998,0,0
19229,0,0
11731,0,0
20697,0,0
9453,0,0
3685,0,0
15587,0,0
14292,1,0
7449,0,0
23765,0,0
11967,0,0
16868,1,0
13766,0,0
7678,1,0
6766,0,0
23811,0,0
2260,0,0
23232,0,0
10493,0,0
21097,1,0
7960,0,0
8101,0,0
21715,1,1
16371,0,0
9265,0,0
23328,0,0
4020,0,0
10514,0,0
5950,0,0
11127,0,0
10279,0,0
15594,0,0
18171,1,0
2082,0,0
4767,0,0
11718,1,1
10801,1,0
24061,0,0
17606,1,0
21002,0,0
7162,0,0
20942,0,0
5946,0,0
15997,0,0
10317,0,0
17167,0,0
1719,0,0
18281,0,0
20250,0,0
15322,0,0
13849,0,0
16915,0,0
12143,1,0
3005,0,0
12395,1,1
1386,0,0
19561,0,0
14664,0,0
16787,0,0
4348,0,0
24215,0,0
2266,0,0
347,0,0
14656,0,0
1475,0,0
7683,0,0
15229,0,0
3821,1,0
21862,1,1
16065,0,0
21134,0,0
2758,0,0
5394,0,0
20612,1,0
18134,0,0
3998,1,0
5511,0,0
3362,0,0
24814,0,0
10990,0,0
9302,0,0
24852,0,0
14815,0,0
9650,1,0
